ikkajo idori  ippon dori	一ヶ条 居捕	一本捕	ippon dori	one arm capture	ikkajo idori	section one sitting capture	shomen uchi	<div><A href="http://www.youtube.com/watch?v=u0az6iuLOCo&t=1h00m01s#t=1h00m01s">Kondō Katsuyuki - Daitō-ryū Aiki-jūjutsu</A></div> <div><A href="https://www.youtube.com/watch?v=rB0AFm1u-3I&t=0m26s#t=0m26s">Daitō-ryū Aiki-jūjutsu Shōyōkan</A></div> <div><A href="https://www.youtube.com/watch?v=HTkFIcdb56M&t=0m10s#t=0m10s">Hakuhō-ryu Aiki-jūjutsu UK</A></div> <div><A href="https://www.youtube.com/watch?v=cRTye-wq5yI&t=5m15s#t=5m15s">Nihon Daitō-ryū Aikibudō Seishin Kai - Katō Shigemitsu</A></div> 	
ikkajo idori  gyaku ude dori	一ヶ条 居捕	逆腕捕	gyaku ude dori	reverse arm capture	ikkajo idori	section one sitting capture	katate mune dori	<div><A href="http://www.youtube.com/watch?v=u0az6iuLOCo&t=1h00m28s#t=1h00m28s">Kondō Katsuyuki - Daitō-ryū Aiki-jūjutsu</A></div> <div><A href="https://www.youtube.com/watch?v=rB0AFm1u-3I&t=0m47s#t=0m47s">Daitō-ryū Aiki-jūjutsu Shōyōkan</A></div> <div><A href="https://www.youtube.com/watch?v=HTkFIcdb56M&t=0m27s#t=0m27s">Hakuhō-ryu Aiki-jūjutsu UK</A></div> <div><A href="https://www.youtube.com/watch?v=cRTye-wq5yI&t=6m11s#t=6m11s">Nihon Daitō-ryū Aikibudō Seishin Kai - Katō Shigemitsu</A></div> 	
ikkajo idori  hiji gaeshi	一ヶ条 居捕	肘返	hiji gaeshi	elbow flip	ikkajo idori	section one sitting capture	katate mune dori	<div><A href="http://www.youtube.com/watch?v=u0az6iuLOCo&t=1h00m42s#t=1h00m42s">Kondō Katsuyuki - Daitō-ryū Aiki-jūjutsu</A></div> <div><A href="https://www.youtube.com/watch?v=rB0AFm1u-3I&t=1m12s#t=1m12s">Daitō-ryū Aiki-jūjutsu Shōyōkan</A></div> <div><A href="https://www.youtube.com/watch?v=HTkFIcdb56M&t=0m48s#t=0m48s">Hakuhō-ryu Aiki-jūjutsu UK</A></div> <div><A href="https://www.youtube.com/watch?v=cRTye-wq5yI&t=7m13s#t=7m13s">Nihon Daitō-ryū Aikibudō Seishin Kai - Katō Shigemitsu</A></div> 	
ikkajo idori  kuruma daoshi	一ヶ条 居捕	車倒	kuruma daoshi	wheel topple	ikkajo idori	section one sitting capture	yokomen uchi	<div><A href="http://www.youtube.com/watch?v=u0az6iuLOCo&t=1h00m49s#t=1h00m49s">Kondō Katsuyuki - Daitō-ryū Aiki-jūjutsu</A></div> <div><A href="https://www.youtube.com/watch?v=rB0AFm1u-3I&t=1m36s#t=1m36s">Daitō-ryū Aiki-jūjutsu Shōyōkan</A></div> <div><A href="https://www.youtube.com/watch?v=HTkFIcdb56M&t=1m04s#t=1m04s">Hakuhō-ryu Aiki-jūjutsu UK</A></div> <div><A href="https://www.youtube.com/watch?v=cRTye-wq5yI&t=7m56s#t=7m56s">Nihon Daitō-ryū Aikibudō Seishin Kai - Katō Shigemitsu</A></div> 	
ikkajo idori  shime gaeshi	一ヶ条 居捕	絞返	shime gaeshi	choke flip	ikkajo idori	section one sitting capture	emon jime	<div><A href="http://www.youtube.com/watch?v=u0az6iuLOCo&t=1h00m56s#t=1h00m56s">Kondō Katsuyuki - Daitō-ryū Aiki-jūjutsu</A></div> <div><A href="https://www.youtube.com/watch?v=rB0AFm1u-3I&t=2m01s#t=2m01s">Daitō-ryū Aiki-jūjutsu Shōyōkan</A></div> <div><A href="https://www.youtube.com/watch?v=HTkFIcdb56M&t=1m16s#t=1m16s">Hakuhō-ryu Aiki-jūjutsu UK</A></div> <div><A href="https://www.youtube.com/watch?v=cRTye-wq5yI&t=8m42s#t=8m42s">Nihon Daitō-ryū Aikibudō Seishin Kai - Katō Shigemitsu</A></div> 	
ikkajo idori  daki jime	一ヶ条 居捕	抱締	daki jime	hug clamp	ikkajo idori	section one sitting capture	emon jime	<div><A href="http://www.youtube.com/watch?v=u0az6iuLOCo&t=1h01m06s#t=1h01m06s">Kondō Katsuyuki - Daitō-ryū Aiki-jūjutsu</A></div> <div><A href="https://www.youtube.com/watch?v=rB0AFm1u-3I&t=2m31s#t=2m31s">Daitō-ryū Aiki-jūjutsu Shōyōkan</A></div> <div><A href="https://www.youtube.com/watch?v=HTkFIcdb56M&t=1m31s#t=1m31s">Hakuhō-ryu Aiki-jūjutsu UK</A></div> <div><A href="https://www.youtube.com/watch?v=cRTye-wq5yI&t=9m37s#t=9m37s">Nihon Daitō-ryū Aikibudō Seishin Kai - Katō Shigemitsu</A></div> 	
ikkajo idori  karame nage	一ヶ条 居捕	搦投	karame nage	tangle throw	ikkajo idori	section one sitting capture	mune dori shomen uchi	<div><A href="http://www.youtube.com/watch?v=u0az6iuLOCo&t=1h01m12s#t=1h01m12s">Kondō Katsuyuki - Daitō-ryū Aiki-jūjutsu</A></div> <div><A href="https://www.youtube.com/watch?v=rB0AFm1u-3I&t=3m04s#t=3m04s">Daitō-ryū Aiki-jūjutsu Shōyōkan</A></div> <div><A href="https://www.youtube.com/watch?v=HTkFIcdb56M&t=1m47s#t=1m47s">Hakuhō-ryu Aiki-jūjutsu UK</A></div> <div><A href="https://www.youtube.com/watch?v=cRTye-wq5yI&t=10m21s#t=10m21s">Nihon Daitō-ryū Aikibudō Seishin Kai - Katō Shigemitsu</A></div> 	
ikkajo idori  kote gaeshi	一ヶ条 居捕	小手返	kote gaeshi	forearm flip	ikkajo idori	section one sitting capture	ryote dori (pull)	<div><A href="http://www.youtube.com/watch?v=u0az6iuLOCo&t=1h01m22s#t=1h01m22s">Kondō Katsuyuki - Daitō-ryū Aiki-jūjutsu</A></div> <div><A href="https://www.youtube.com/watch?v=rB0AFm1u-3I&t=3m35s#t=3m35s">Daitō-ryū Aiki-jūjutsu Shōyōkan</A></div> <div><A href="https://www.youtube.com/watch?v=HTkFIcdb56M&t=2m08s#t=2m08s">Hakuhō-ryu Aiki-jūjutsu UK</A></div> <div><A href="https://www.youtube.com/watch?v=cRTye-wq5yI&t=11m12s#t=11m12s">Nihon Daitō-ryū Aikibudō Seishin Kai - Katō Shigemitsu</A></div> 	
ikkajo idori  nukite dori	一ヶ条 居捕	抜手捕	nukite dori	pull out hand capture	ikkajo idori	section one sitting capture	ryote dori (hold)	<div><A href="http://www.youtube.com/watch?v=u0az6iuLOCo&t=1h01m31s#t=1h01m31s">Kondō Katsuyuki - Daitō-ryū Aiki-jūjutsu</A></div> <div><A href="https://www.youtube.com/watch?v=rB0AFm1u-3I&t=4m07s#t=4m07s">Daitō-ryū Aiki-jūjutsu Shōyōkan</A></div> <div><A href="https://www.youtube.com/watch?v=HTkFIcdb56M&t=2m25s#t=2m25s">Hakuhō-ryu Aiki-jūjutsu UK</A></div> <div><A href="https://www.youtube.com/watch?v=cRTye-wq5yI&t=11m58s#t=11m58s">Nihon Daitō-ryū Aikibudō Seishin Kai - Katō Shigemitsu</A></div> 	
ikkajo idori  hiza jime	一ヶ条 居捕	膝締	hiza jime	knee clamp	ikkajo idori	section one sitting capture	ryote dori (push)	<div><A href="http://www.youtube.com/watch?v=u0az6iuLOCo&t=1h01m38s#t=1h01m38s">Kondō Katsuyuki - Daitō-ryū Aiki-jūjutsu</A></div> <div><A href="https://www.youtube.com/watch?v=rB0AFm1u-3I&t=4m37s#t=4m37s">Daitō-ryū Aiki-jūjutsu Shōyōkan</A></div> <div><A href="https://www.youtube.com/watch?v=HTkFIcdb56M&t=2m42s#t=2m42s">Hakuhō-ryu Aiki-jūjutsu UK</A></div> <div><A href="https://www.youtube.com/watch?v=cRTye-wq5yI&t=13m05s#t=13m05s">Nihon Daitō-ryū Aikibudō Seishin Kai - Katō Shigemitsu</A></div> 	
ikkajo hanza-handachi  hanmi nage	一ヶ条 半座半立	半身投	hanmi nage	half-body throw	ikkajo hanza-handachi	section one half-sitting half-standing	migite dori (pull)	<div><A href="http://www.youtube.com/watch?v=u0az6iuLOCo&t=1h01m53s#t=1h01m53s">Kondō Katsuyuki - Daitō-ryū Aiki-jūjutsu</A></div> <div><A href="https://www.youtube.com/watch?v=siTa1c_JxB0&t=2m52s#t=2m52s">Daitō-ryū Aiki-jūjutsu Shōyōkan</A></div> <div><A href="https://www.youtube.com/watch?v=HTkFIcdb56M&t=3m16s#t=3m16s">Hakuhō-ryu Aiki-jūjutsu UK</A></div> <div><A href="https://www.youtube.com/watch?v=cRTye-wq5yI&t=13m49s#t=13m49s">Nihon Daitō-ryū Aikibudō Seishin Kai - Katō Shigemitsu</A></div> 	
ikkajo hanza-handachi  ura otoshi	一ヶ条 半座半立	裏落	ura otoshi	rear drop	ikkajo hanza-handachi	section one half-sitting half-standing	hidarite dori (push)	<div><A href="http://www.youtube.com/watch?v=u0az6iuLOCo&t=1h02m15s#t=1h02m15s">Kondō Katsuyuki - Daitō-ryū Aiki-jūjutsu</A></div> <div><A href="https://www.youtube.com/watch?v=siTa1c_JxB0&t=3m12s#t=3m12s">Daitō-ryū Aiki-jūjutsu Shōyōkan</A></div> <div><A href="https://www.youtube.com/watch?v=HTkFIcdb56M&t=3m24s#t=3m24s">Hakuhō-ryu Aiki-jūjutsu UK</A></div> <div><A href="https://www.youtube.com/watch?v=cRTye-wq5yI&t=14m54s#t=14m54s">Nihon Daitō-ryū Aikibudō Seishin Kai - Katō Shigemitsu</A></div> 	
ikkajo hanza-handachi  izori	一ヶ条 半座半立	居反	izori	sitting throw back	ikkajo hanza-handachi	section one half-sitting half-standing	ryote dori (push)	<div><A href="http://www.youtube.com/watch?v=u0az6iuLOCo&t=1h02m39s#t=1h02m39s">Kondō Katsuyuki - Daitō-ryū Aiki-jūjutsu</A></div> <div><A href="https://www.youtube.com/watch?v=siTa1c_JxB0&t=3m28s#t=3m28s">Daitō-ryū Aiki-jūjutsu Shōyōkan</A></div> <div><A href="https://www.youtube.com/watch?v=HTkFIcdb56M&t=3m31s#t=3m31s">Hakuhō-ryu Aiki-jūjutsu UK</A></div> <div><A href="https://www.youtube.com/watch?v=cRTye-wq5yI&t=15m35s#t=15m35s">Nihon Daitō-ryū Aikibudō Seishin Kai - Katō Shigemitsu</A></div> 	
ikkajo hanza-handachi  kata otoshi	一ヶ条 半座半立	肩落	kata otoshi	shoulder drop	ikkajo hanza-handachi	section one half-sitting half-standing	kubi jime	<div><A href="http://www.youtube.com/watch?v=u0az6iuLOCo&t=1h02m54s#t=1h02m54s">Kondō Katsuyuki - Daitō-ryū Aiki-jūjutsu</A></div> <div><A href="https://www.youtube.com/watch?v=siTa1c_JxB0&t=3m39s#t=3m39s">Daitō-ryū Aiki-jūjutsu Shōyōkan</A></div> <div><A href="https://www.youtube.com/watch?v=HTkFIcdb56M&t=3m39s#t=3m39s">Hakuhō-ryu Aiki-jūjutsu UK</A></div> <div><A href="https://www.youtube.com/watch?v=cRTye-wq5yI&t=16m06s#t=16m06s">Nihon Daitō-ryū Aikibudō Seishin Kai - Katō Shigemitsu</A></div> 	
ikkajo hanza-handachi  irimi nage	一ヶ条 半座半立	入身投	irimi nage	enter-body throw	ikkajo hanza-handachi	section one half-sitting half-standing	ryote dori (pull)	<div><A href="http://www.youtube.com/watch?v=u0az6iuLOCo&t=1h03m08s#t=1h03m08s">Kondō Katsuyuki - Daitō-ryū Aiki-jūjutsu</A></div> <div><A href="https://www.youtube.com/watch?v=siTa1c_JxB0&t=3m54s#t=3m54s">Daitō-ryū Aiki-jūjutsu Shōyōkan</A></div> <div><A href="https://www.youtube.com/watch?v=HTkFIcdb56M&t=3m46s#t=3m46s">Hakuhō-ryu Aiki-jūjutsu UK</A></div> <div><A href="https://www.youtube.com/watch?v=cRTye-wq5yI&t=16m41s#t=16m41s">Nihon Daitō-ryū Aikibudō Seishin Kai - Katō Shigemitsu</A></div> 	
ikkajo tachi-ai  ippon dori	一ヶ条 立合	一本捕	ippon dori	one arm capture	ikkajo tachi-ai	section one both standing	shomen uchi	<div><A href="http://www.youtube.com/watch?v=u0az6iuLOCo&t=1h03m24s#t=1h03m24s">Kondō Katsuyuki - Daitō-ryū Aiki-jūjutsu</A></div> <div><A href="https://www.youtube.com/watch?v=KDXqImFOuM4&t=0m11s#t=0m11s">Daitō-ryū Aiki-jūjutsu Shōyōkan</A></div> <div><A href="https://www.youtube.com/watch?v=HTkFIcdb56M&t=4m05s#t=4m05s">Hakuhō-ryu Aiki-jūjutsu UK</A></div> <div><A href="https://www.youtube.com/watch?v=cRTye-wq5yI&t=17m34s#t=17m34s">Nihon Daitō-ryū Aikibudō Seishin Kai - Katō Shigemitsu</A></div> <div><A href="https://www.youtube.com/watch?v=Q_jGFAGqFhU&t=12m38s#t=12m38s">Nihon Daitō-ryū Aikibudō Seishin Kai - Katō Shigemitsu</A></div> 	
ikkajo tachi-ai  kuruma daoshi	一ヶ条 立合	車倒	kuruma daoshi	wheel topple	ikkajo tachi-ai	section one both standing	yokomen uchi	<div><A href="http://www.youtube.com/watch?v=u0az6iuLOCo&t=1h03m35s#t=1h03m35s">Kondō Katsuyuki - Daitō-ryū Aiki-jūjutsu</A></div> <div><A href="https://www.youtube.com/watch?v=KDXqImFOuM4&t=0m32s#t=0m32s">Daitō-ryū Aiki-jūjutsu Shōyōkan</A></div> <div><A href="https://www.youtube.com/watch?v=HTkFIcdb56M&t=4m20s#t=4m20s">Hakuhō-ryu Aiki-jūjutsu UK</A></div> <div><A href="https://www.youtube.com/watch?v=cRTye-wq5yI&t=18m30s#t=18m30s">Nihon Daitō-ryū Aikibudō Seishin Kai - Katō Shigemitsu</A></div> <div><A href="https://www.youtube.com/watch?v=Q_jGFAGqFhU&t=16m04s#t=16m04s">Nihon Daitō-ryū Aikibudō Seishin Kai - Katō Shigemitsu</A></div> 	
ikkajo tachi-ai  gyaku ude dori	一ヶ条 立合	逆腕捕	gyaku ude dori	reverse arm capture	ikkajo tachi-ai	section one both standing	katate mune dori	<div><A href="http://www.youtube.com/watch?v=u0az6iuLOCo&t=1h03m42s#t=1h03m42s">Kondō Katsuyuki - Daitō-ryū Aiki-jūjutsu</A></div> <div><A href="https://www.youtube.com/watch?v=KDXqImFOuM4&t=0m51s#t=0m51s">Daitō-ryū Aiki-jūjutsu Shōyōkan</A></div> <div><A href="https://www.youtube.com/watch?v=HTkFIcdb56M&t=4m31s#t=4m31s">Hakuhō-ryu Aiki-jūjutsu UK</A></div> <div><A href="https://www.youtube.com/watch?v=cRTye-wq5yI&t=19m05s#t=19m05s">Nihon Daitō-ryū Aikibudō Seishin Kai - Katō Shigemitsu</A></div> <div><A href="https://www.youtube.com/watch?v=Q_jGFAGqFhU&t=19m07s#t=19m07s">Nihon Daitō-ryū Aikibudō Seishin Kai - Katō Shigemitsu</A></div> 	
ikkajo tachi-ai  koshi guruma	一ヶ条 立合	腰車	koshi guruma	lower-back wheel	ikkajo tachi-ai	section one both standing	emon jime	<div><A href="http://www.youtube.com/watch?v=u0az6iuLOCo&t=1h03m51s#t=1h03m51s">Kondō Katsuyuki - Daitō-ryū Aiki-jūjutsu</A></div> <div><A href="https://www.youtube.com/watch?v=KDXqImFOuM4&t=1m12s#t=1m12s">Daitō-ryū Aiki-jūjutsu Shōyōkan</A></div> <div><A href="https://www.youtube.com/watch?v=HTkFIcdb56M&t=4m47s#t=4m47s">Hakuhō-ryu Aiki-jūjutsu UK</A></div> <div><A href="https://www.youtube.com/watch?v=cRTye-wq5yI&t=20m06s#t=20m06s">Nihon Daitō-ryū Aikibudō Seishin Kai - Katō Shigemitsu</A></div> <div><A href="https://www.youtube.com/watch?v=Q_jGFAGqFhU&t=21m54s#t=21m54s">Nihon Daitō-ryū Aikibudō Seishin Kai - Katō Shigemitsu</A></div> 	
ikkajo tachi-ai  karame nage	一ヶ条 立合	搦投	karame nage	tangle throw	ikkajo tachi-ai	section one both standing	mune dori shomen uchi	<div><A href="http://www.youtube.com/watch?v=u0az6iuLOCo&t=1h03m59s#t=1h03m59s">Kondō Katsuyuki - Daitō-ryū Aiki-jūjutsu</A></div> <div><A href="https://www.youtube.com/watch?v=KDXqImFOuM4&t=1m38s#t=1m38s">Daitō-ryū Aiki-jūjutsu Shōyōkan</A></div> <div><A href="https://www.youtube.com/watch?v=HTkFIcdb56M&t=5m18s#t=5m18s">Hakuhō-ryu Aiki-jūjutsu UK</A></div> <div><A href="https://www.youtube.com/watch?v=cRTye-wq5yI&t=20m44s#t=20m44s">Nihon Daitō-ryū Aikibudō Seishin Kai - Katō Shigemitsu</A></div> <div><A href="https://www.youtube.com/watch?v=Q_jGFAGqFhU&t=24m44s#t=24m44s">Nihon Daitō-ryū Aikibudō Seishin Kai - Katō Shigemitsu</A></div> 	
ikkajo tachi-ai  ura otoshi	一ヶ条 立合	裏落	ura otoshi	rear drop	ikkajo tachi-ai	section one both standing	katate sode dori (pull)	<div><A href="http://www.youtube.com/watch?v=u0az6iuLOCo&t=1h04m09s#t=1h04m09s">Kondō Katsuyuki - Daitō-ryū Aiki-jūjutsu</A></div> <div><A href="https://www.youtube.com/watch?v=KDXqImFOuM4&t=2m04s#t=2m04s">Daitō-ryū Aiki-jūjutsu Shōyōkan</A></div> <div><A href="https://www.youtube.com/watch?v=HTkFIcdb56M&t=5m07s#t=5m07s">Hakuhō-ryu Aiki-jūjutsu UK</A></div> <div><A href="https://www.youtube.com/watch?v=cRTye-wq5yI&t=21m21s#t=21m21s">Nihon Daitō-ryū Aikibudō Seishin Kai - Katō Shigemitsu</A></div> <div><A href="https://www.youtube.com/watch?v=Q_jGFAGqFhU&t=27m02s#t=27m02s">Nihon Daitō-ryū Aikibudō Seishin Kai - Katō Shigemitsu</A></div> 	
ikkajo tachi-ai  obi otoshi	一ヶ条 立合	帯落	obi otoshi	belt drop	ikkajo tachi-ai	section one both standing	emon jime	<div><A href="http://www.youtube.com/watch?v=u0az6iuLOCo&t=1h04m15s#t=1h04m15s">Kondō Katsuyuki - Daitō-ryū Aiki-jūjutsu</A></div> <div><A href="https://www.youtube.com/watch?v=KDXqImFOuM4&t=2m28s#t=2m28s">Daitō-ryū Aiki-jūjutsu Shōyōkan</A></div> <div><A href="https://www.youtube.com/watch?v=HTkFIcdb56M&t=5m39s#t=5m39s">Hakuhō-ryu Aiki-jūjutsu UK</A></div> <div><A href="https://www.youtube.com/watch?v=cRTye-wq5yI&t=21m55s#t=21m55s">Nihon Daitō-ryū Aikibudō Seishin Kai - Katō Shigemitsu</A></div> <div><A href="https://www.youtube.com/watch?v=Q_jGFAGqFhU&t=29m15s#t=29m15s">Nihon Daitō-ryū Aikibudō Seishin Kai - Katō Shigemitsu</A></div> 	
ikkajo tachi-ai  kiri kaeshi	一ヶ条 立合	切返	kiri kaeshi	cut flip	ikkajo tachi-ai	section one both standing	ryosode dori	<div><A href="http://www.youtube.com/watch?v=u0az6iuLOCo&t=1h04m22s#t=1h04m22s">Kondō Katsuyuki - Daitō-ryū Aiki-jūjutsu</A></div> <div><A href="https://www.youtube.com/watch?v=KDXqImFOuM4&t=2m54s#t=2m54s">Daitō-ryū Aiki-jūjutsu Shōyōkan</A></div> <div><A href="https://www.youtube.com/watch?v=HTkFIcdb56M&t=5m55s#t=5m55s">Hakuhō-ryu Aiki-jūjutsu UK</A></div> <div><A href="https://www.youtube.com/watch?v=cRTye-wq5yI&t=22m27s#t=22m27s">Nihon Daitō-ryū Aikibudō Seishin Kai - Katō Shigemitsu</A></div> <div><A href="https://www.youtube.com/watch?v=Q_jGFAGqFhU&t=31m17s#t=31m17s">Nihon Daitō-ryū Aikibudō Seishin Kai - Katō Shigemitsu</A></div> 	
ikkajo tachi-ai  kote gaeshi	一ヶ条 立合	小手返	kote gaeshi	forearm flip	ikkajo tachi-ai	section one both standing	ryote dori (pull)	<div><A href="http://www.youtube.com/watch?v=u0az6iuLOCo&t=1h04m31s#t=1h04m31s">Kondō Katsuyuki - Daitō-ryū Aiki-jūjutsu</A></div> <div><A href="https://www.youtube.com/watch?v=KDXqImFOuM4&t=3m11s#t=3m11s">Daitō-ryū Aiki-jūjutsu Shōyōkan</A></div> <div><A href="https://www.youtube.com/watch?v=HTkFIcdb56M&t=6m05s#t=6m05s">Hakuhō-ryu Aiki-jūjutsu UK</A></div> <div><A href="https://www.youtube.com/watch?v=cRTye-wq5yI&t=22m59s#t=22m59s">Nihon Daitō-ryū Aikibudō Seishin Kai - Katō Shigemitsu</A></div> <div><A href="https://www.youtube.com/watch?v=Q_jGFAGqFhU&t=34m01s#t=34m01s">Nihon Daitō-ryū Aikibudō Seishin Kai - Katō Shigemitsu</A></div> 	
ikkajo tachi-ai  shihou nage (omote)	一ヶ条 立合	四方投（表）	shihou nage (omote)	four directions throw (front)	ikkajo tachi-ai	section one both standing	ryote dori (hold)	<div><A href="http://www.youtube.com/watch?v=u0az6iuLOCo&t=1h04m39s#t=1h04m39s">Kondō Katsuyuki - Daitō-ryū Aiki-jūjutsu</A></div> <div><A href="https://www.youtube.com/watch?v=HTkFIcdb56M&t=6m32s#t=6m32s">Hakuhō-ryu Aiki-jūjutsu UK</A></div> <div><A href="https://www.youtube.com/watch?v=cRTye-wq5yI&t=23m35s#t=23m35s">Nihon Daitō-ryū Aikibudō Seishin Kai - Katō Shigemitsu</A></div> <div><A href="https://www.youtube.com/watch?v=Q_jGFAGqFhU&t=36m07s#t=36m07s">Nihon Daitō-ryū Aikibudō Seishin Kai - Katō Shigemitsu</A></div> 	
ikkajo tachi-ai  shihou nage (ura)	一ヶ条 立合	四方投（裏）	shihou nage (ura)	four directions throw (rear)	ikkajo tachi-ai	section one both standing	ryote dori (hold)	<div><A href="http://www.youtube.com/watch?v=u0az6iuLOCo&t=1h04m45s#t=1h04m45s">Kondō Katsuyuki - Daitō-ryū Aiki-jūjutsu</A></div> <div><A href="https://www.youtube.com/watch?v=KDXqImFOuM4&t=3m34s#t=3m34s">Daitō-ryū Aiki-jūjutsu Shōyōkan</A></div> <div><A href="https://www.youtube.com/watch?v=HTkFIcdb56M&t=6m18s#t=6m18s">Hakuhō-ryu Aiki-jūjutsu UK</A></div> <div><A href="https://www.youtube.com/watch?v=cRTye-wq5yI&t=24m12s#t=24m12s">Nihon Daitō-ryū Aikibudō Seishin Kai - Katō Shigemitsu</A></div> <div><A href="https://www.youtube.com/watch?v=Q_jGFAGqFhU&t=38m33s#t=38m33s">Nihon Daitō-ryū Aikibudō Seishin Kai - Katō Shigemitsu</A></div> 	
ikkajo ushiro-dori  tachi eri dori	一ヶ条 後捕	立襟捕	tachi eri dori	standing-collar capture	ikkajo ushiro-dori	section one rear capture	katate tachi-eri dori	<div><A href="http://www.youtube.com/watch?v=u0az6iuLOCo&t=1h04m58s#t=1h04m58s">Kondō Katsuyuki - Daitō-ryū Aiki-jūjutsu</A></div> <div><A href="https://www.youtube.com/watch?v=siTa1c_JxB0&t=0m11s#t=0m11s">Daitō-ryū Aiki-jūjutsu Shōyōkan</A></div> <div><A href="https://www.youtube.com/watch?v=siTa1c_JxB0&t=1m29s#t=1m29s">Daitō-ryū Aiki-jūjutsu Shōyōkan</A></div> <div><A href="https://www.youtube.com/watch?v=HTkFIcdb56M&t=6m57s#t=6m57s">Hakuhō-ryu Aiki-jūjutsu UK</A></div> <div><A href="https://www.youtube.com/watch?v=cRTye-wq5yI&t=24m51s#t=24m51s">Nihon Daitō-ryū Aikibudō Seishin Kai - Katō Shigemitsu</A></div> <div><A href="https://www.youtube.com/watch?v=Q_jGFAGqFhU&t=40m22s#t=40m22s">Nihon Daitō-ryū Aikibudō Seishin Kai - Katō Shigemitsu</A></div> 	
ikkajo ushiro-dori  ryo kata hineri	一ヶ条 後捕	両肩捻	ryo kata hineri	both shoulders twist	ikkajo ushiro-dori	section one rear capture	ryokata dori	<div><A href="http://www.youtube.com/watch?v=u0az6iuLOCo&t=1h05m09s#t=1h05m09s">Kondō Katsuyuki - Daitō-ryū Aiki-jūjutsu</A></div> <div><A href="https://www.youtube.com/watch?v=siTa1c_JxB0&t=0m25s#t=0m25s">Daitō-ryū Aiki-jūjutsu Shōyōkan</A></div> <div><A href="https://www.youtube.com/watch?v=siTa1c_JxB0&t=1m44s#t=1m44s">Daitō-ryū Aiki-jūjutsu Shōyōkan</A></div> <div><A href="https://www.youtube.com/watch?v=HTkFIcdb56M&t=7m33s#t=7m33s">Hakuhō-ryu Aiki-jūjutsu UK</A></div> <div><A href="https://www.youtube.com/watch?v=cRTye-wq5yI&t=25m29s#t=25m29s">Nihon Daitō-ryū Aikibudō Seishin Kai - Katō Shigemitsu</A></div> <div><A href="https://www.youtube.com/watch?v=Q_jGFAGqFhU&t=42m25s#t=42m25s">Nihon Daitō-ryū Aikibudō Seishin Kai - Katō Shigemitsu</A></div> 	
ikkajo ushiro-dori  ryo hiji gaeshi	一ヶ条 後捕	両肘返	ryo hiji gaeshi	both elbows flip	ikkajo ushiro-dori	section one rear capture	ryohiji dori	<div><A href="http://www.youtube.com/watch?v=u0az6iuLOCo&t=1h05m17s#t=1h05m17s">Kondō Katsuyuki - Daitō-ryū Aiki-jūjutsu</A></div> <div><A href="https://www.youtube.com/watch?v=siTa1c_JxB0&t=0m38s#t=0m38s">Daitō-ryū Aiki-jūjutsu Shōyōkan</A></div> <div><A href="https://www.youtube.com/watch?v=siTa1c_JxB0&t=1m57s#t=1m57s">Daitō-ryū Aiki-jūjutsu Shōyōkan</A></div> <div><A href="https://www.youtube.com/watch?v=HTkFIcdb56M&t=8m08s#t=8m08s">Hakuhō-ryu Aiki-jūjutsu UK</A></div> <div><A href="https://www.youtube.com/watch?v=cRTye-wq5yI&t=26m06s#t=26m06s">Nihon Daitō-ryū Aikibudō Seishin Kai - Katō Shigemitsu</A></div> <div><A href="https://www.youtube.com/watch?v=Q_jGFAGqFhU&t=44m56s#t=44m56s">Nihon Daitō-ryū Aikibudō Seishin Kai - Katō Shigemitsu</A></div> 	
ikkajo ushiro-dori  daki jime dori	一ヶ条 後捕	抱締捕	daki jime dori	hug clamp capture	ikkajo ushiro-dori	section one rear capture	daki jime	<div><A href="http://www.youtube.com/watch?v=u0az6iuLOCo&t=1h05m25s#t=1h05m25s">Kondō Katsuyuki - Daitō-ryū Aiki-jūjutsu</A></div> <div><A href="https://www.youtube.com/watch?v=siTa1c_JxB0&t=0m49s#t=0m49s">Daitō-ryū Aiki-jūjutsu Shōyōkan</A></div> <div><A href="https://www.youtube.com/watch?v=siTa1c_JxB0&t=2m10s#t=2m10s">Daitō-ryū Aiki-jūjutsu Shōyōkan</A></div> <div><A href="https://www.youtube.com/watch?v=HTkFIcdb56M&t=8m39s#t=8m39s">Hakuhō-ryu Aiki-jūjutsu UK</A></div> <div><A href="https://www.youtube.com/watch?v=cRTye-wq5yI&t=26m39s#t=26m39s">Nihon Daitō-ryū Aikibudō Seishin Kai - Katō Shigemitsu</A></div> <div><A href="https://www.youtube.com/watch?v=Q_jGFAGqFhU&t=46m40s#t=46m40s">Nihon Daitō-ryū Aikibudō Seishin Kai - Katō Shigemitsu</A></div> 	
ikkajo ushiro-dori  kata otoshi	一ヶ条 後捕	肩落	kata otoshi	shoulder drop	ikkajo ushiro-dori	section one rear capture	katate kubi jime	<div><A href="http://www.youtube.com/watch?v=u0az6iuLOCo&t=1h05m34s#t=1h05m34s">Kondō Katsuyuki - Daitō-ryū Aiki-jūjutsu</A></div> <div><A href="https://www.youtube.com/watch?v=siTa1c_JxB0&t=1m02s#t=1m02s">Daitō-ryū Aiki-jūjutsu Shōyōkan</A></div> <div><A href="https://www.youtube.com/watch?v=siTa1c_JxB0&t=2m23s#t=2m23s">Daitō-ryū Aiki-jūjutsu Shōyōkan</A></div> <div><A href="https://www.youtube.com/watch?v=HTkFIcdb56M&t=9m10s#t=9m10s">Hakuhō-ryu Aiki-jūjutsu UK</A></div> <div><A href="https://www.youtube.com/watch?v=cRTye-wq5yI&t=27m21s#t=27m21s">Nihon Daitō-ryū Aikibudō Seishin Kai - Katō Shigemitsu</A></div> <div><A href="https://www.youtube.com/watch?v=Q_jGFAGqFhU&t=48m32s#t=48m32s">Nihon Daitō-ryū Aikibudō Seishin Kai - Katō Shigemitsu</A></div> 	
nikajo idori  kote dzume	二ヶ条 居捕	小手詰	kote dzume	forearm jam	nikajo idori	section two sitting capture	shomen uchi	<div><A href="http://www.youtube.com/watch?v=u0az6iuLOCo&t=1h06m00s#t=1h06m00s">Kondō Katsuyuki - Daitō-ryū Aiki-jūjutsu</A></div> <div><A href="https://www.youtube.com/watch?v=QFzZZ55utd8&t=0m20s#t=0m20s">Daitō-ryū Aiki-jūjutsu Shōyōkan</A></div> <div><A href="https://www.youtube.com/watch?v=9UfV07KNpxI&t=0m11s#t=0m11s">Hakuhō-ryu Aiki-jūjutsu UK</A></div> <div><A href="https://www.youtube.com/watch?v=cRTye-wq5yI&t=28m41s#t=28m41s">Nihon Daitō-ryū Aikibudō Seishin Kai - Katō Shigemitsu</A></div> 	
nikajo idori  gyaku dasuki	二ヶ条 居捕	逆襷	gyaku dasuki	reverse sash	nikajo idori	section two sitting capture	shomen uchi	<div><A href="http://www.youtube.com/watch?v=u0az6iuLOCo&t=1h06m21s#t=1h06m21s">Kondō Katsuyuki - Daitō-ryū Aiki-jūjutsu</A></div> <div><A href="https://www.youtube.com/watch?v=QFzZZ55utd8&t=0m31s#t=0m31s">Daitō-ryū Aiki-jūjutsu Shōyōkan</A></div> <div><A href="https://www.youtube.com/watch?v=9UfV07KNpxI&t=0m21s#t=0m21s">Hakuhō-ryu Aiki-jūjutsu UK</A></div> <div><A href="https://www.youtube.com/watch?v=cRTye-wq5yI&t=30m00s#t=30m00s">Nihon Daitō-ryū Aikibudō Seishin Kai - Katō Shigemitsu</A></div> 	
nikajo idori  hiji kujiki	二ヶ条 居捕	肘挫	hiji kujiki	elbow bend-back	nikajo idori	section two sitting capture	yokomen uchi	<div><A href="http://www.youtube.com/watch?v=u0az6iuLOCo&t=1h06m42s#t=1h06m42s">Kondō Katsuyuki - Daitō-ryū Aiki-jūjutsu</A></div> <div><A href="https://www.youtube.com/watch?v=QFzZZ55utd8&t=0m45s#t=0m45s">Daitō-ryū Aiki-jūjutsu Shōyōkan</A></div> <div><A href="https://www.youtube.com/watch?v=9UfV07KNpxI&t=0m36s#t=0m36s">Hakuhō-ryu Aiki-jūjutsu UK</A></div> <div><A href="https://www.youtube.com/watch?v=cRTye-wq5yI&t=30m46s#t=30m46s">Nihon Daitō-ryū Aikibudō Seishin Kai - Katō Shigemitsu</A></div> 	
nikajo idori  koba gaeshi	二ヶ条 居捕	木葉返	koba gaeshi	leaf flip	nikajo idori	section two sitting capture	kakete (no attack, block strike)	<div><A href="http://www.youtube.com/watch?v=u0az6iuLOCo&t=1h06m59s#t=1h06m59s">Kondō Katsuyuki - Daitō-ryū Aiki-jūjutsu</A></div> <div><A href="https://www.youtube.com/watch?v=QFzZZ55utd8&t=1m01s#t=1m01s">Daitō-ryū Aiki-jūjutsu Shōyōkan</A></div> <div><A href="https://www.youtube.com/watch?v=9UfV07KNpxI&t=0m50s#t=0m50s">Hakuhō-ryu Aiki-jūjutsu UK</A></div> <div><A href="https://www.youtube.com/watch?v=cRTye-wq5yI&t=31m44s#t=31m44s">Nihon Daitō-ryū Aikibudō Seishin Kai - Katō Shigemitsu</A></div> 	
nikajo idori  shutou dzume	二ヶ条 居捕	手刀詰	shutou dzume	knife-hand jam	nikajo idori	section two sitting capture	katate dori (hold)	<div><A href="http://www.youtube.com/watch?v=u0az6iuLOCo&t=1h08m27s#t=1h08m27s">Kondō Katsuyuki - Daitō-ryū Aiki-jūjutsu</A></div> <div><A href="https://www.youtube.com/watch?v=QFzZZ55utd8&t=1m16s#t=1m16s">Daitō-ryū Aiki-jūjutsu Shōyōkan</A></div> <div><A href="https://www.youtube.com/watch?v=9UfV07KNpxI&t=1m06s#t=1m06s">Hakuhō-ryu Aiki-jūjutsu UK</A></div> <div><A href="https://www.youtube.com/watch?v=cRTye-wq5yI&t=32m45s#t=32m45s">Nihon Daitō-ryū Aikibudō Seishin Kai - Katō Shigemitsu</A></div> 	
nikajo idori  kubi hineri	二ヶ条 居捕	頸捻	kubi hineri	neck twist	nikajo idori	section two sitting capture	emon jime	<div><A href="http://www.youtube.com/watch?v=u0az6iuLOCo&t=1h08m46s#t=1h08m46s">Kondō Katsuyuki - Daitō-ryū Aiki-jūjutsu</A></div> <div><A href="https://www.youtube.com/watch?v=QFzZZ55utd8&t=1m25s#t=1m25s">Daitō-ryū Aiki-jūjutsu Shōyōkan</A></div> <div><A href="https://www.youtube.com/watch?v=9UfV07KNpxI&t=1m14s#t=1m14s">Hakuhō-ryu Aiki-jūjutsu UK</A></div> <div><A href="https://www.youtube.com/watch?v=cRTye-wq5yI&t=33m36s#t=33m36s">Nihon Daitō-ryū Aikibudō Seishin Kai - Katō Shigemitsu</A></div> 	
nikajo idori  kote gaeshi	二ヶ条 居捕	小手返	kote gaeshi	forearm flip	nikajo idori	section two sitting capture	katate kata dori (block strike)	<div><A href="http://www.youtube.com/watch?v=u0az6iuLOCo&t=1h09m06s#t=1h09m06s">Kondō Katsuyuki - Daitō-ryū Aiki-jūjutsu</A></div> <div><A href="https://www.youtube.com/watch?v=QFzZZ55utd8&t=1m39s#t=1m39s">Daitō-ryū Aiki-jūjutsu Shōyōkan</A></div> <div><A href="https://www.youtube.com/watch?v=9UfV07KNpxI&t=1m35s#t=1m35s">Hakuhō-ryu Aiki-jūjutsu UK</A></div> <div><A href="https://www.youtube.com/watch?v=cRTye-wq5yI&t=34m33s#t=34m33s">Nihon Daitō-ryū Aikibudō Seishin Kai - Katō Shigemitsu</A></div> 	
nikajo idori  kataha dori	二ヶ条 居捕	片羽捕	kataha dori	one wing capture	nikajo idori	section two sitting capture	tsuki	<div><A href="http://www.youtube.com/watch?v=u0az6iuLOCo&t=1h09m30s#t=1h09m30s">Kondō Katsuyuki - Daitō-ryū Aiki-jūjutsu</A></div> <div><A href="https://www.youtube.com/watch?v=QFzZZ55utd8&t=1m52s#t=1m52s">Daitō-ryū Aiki-jūjutsu Shōyōkan</A></div> <div><A href="https://www.youtube.com/watch?v=9UfV07KNpxI&t=1m47s#t=1m47s">Hakuhō-ryu Aiki-jūjutsu UK</A></div> <div><A href="https://www.youtube.com/watch?v=cRTye-wq5yI&t=35m17s#t=35m17s">Nihon Daitō-ryū Aikibudō Seishin Kai - Katō Shigemitsu</A></div> 	
nikajo idori  kamate dzume	二ヶ条 居捕	鎌手詰	kamate dzume	sickle hand jam	nikajo idori	section two sitting capture	tsuki	<div><A href="http://www.youtube.com/watch?v=u0az6iuLOCo&t=1h09m54s#t=1h09m54s">Kondō Katsuyuki - Daitō-ryū Aiki-jūjutsu</A></div> <div><A href="https://www.youtube.com/watch?v=QFzZZ55utd8&t=2m09s#t=2m09s">Daitō-ryū Aiki-jūjutsu Shōyōkan</A></div> <div><A href="https://www.youtube.com/watch?v=9UfV07KNpxI&t=2m09s#t=2m09s">Hakuhō-ryu Aiki-jūjutsu UK</A></div> <div><A href="https://www.youtube.com/watch?v=cRTye-wq5yI&t=36m11s#t=36m11s">Nihon Daitō-ryū Aikibudō Seishin Kai - Katō Shigemitsu</A></div> 	
nikajo idori  gyaku gote	二ヶ条 居捕	逆小手	gyaku gote	reverse forearm	nikajo idori	section two sitting capture	katate mune dori (block strike)	<div><A href="http://www.youtube.com/watch?v=u0az6iuLOCo&t=1h10m17s#t=1h10m17s">Kondō Katsuyuki - Daitō-ryū Aiki-jūjutsu</A></div> <div><A href="https://www.youtube.com/watch?v=QFzZZ55utd8&t=2m22s#t=2m22s">Daitō-ryū Aiki-jūjutsu Shōyōkan</A></div> <div><A href="https://www.youtube.com/watch?v=9UfV07KNpxI&t=2m23s#t=2m23s">Hakuhō-ryu Aiki-jūjutsu UK</A></div> <div><A href="https://www.youtube.com/watch?v=cRTye-wq5yI&t=36m48s#t=36m48s">Nihon Daitō-ryū Aikibudō Seishin Kai - Katō Shigemitsu</A></div> 	
nikajo hanza-handachi  shutou dzume	二ヶ条 半座半立	手刀詰	shutou dzume	knife-hand jam	nikajo hanza-handachi	section two half-sitting half-standing	katate dori (pull)	<div><A href="http://www.youtube.com/watch?v=u0az6iuLOCo&t=1h10m39s#t=1h10m39s">Kondō Katsuyuki - Daitō-ryū Aiki-jūjutsu</A></div> <div><A href="https://www.youtube.com/watch?v=mupu4RDB5Ps&t=3m09s#t=3m09s">Daitō-ryū Aiki-jūjutsu Shōyōkan</A></div> <div><A href="https://www.youtube.com/watch?v=9UfV07KNpxI&t=2m55s#t=2m55s">Hakuhō-ryu Aiki-jūjutsu UK</A></div> <div><A href="https://www.youtube.com/watch?v=cRTye-wq5yI&t=37m39s#t=37m39s">Nihon Daitō-ryū Aikibudō Seishin Kai - Katō Shigemitsu</A></div> 	
nikajo hanza-handachi  irimi dzume	二ヶ条 半座半立	入身詰	irimi dzume	enter-body jam	nikajo hanza-handachi	section two half-sitting half-standing	morote dori (pull)	<div><A href="http://www.youtube.com/watch?v=u0az6iuLOCo&t=1h11m00s#t=1h11m00s">Kondō Katsuyuki - Daitō-ryū Aiki-jūjutsu</A></div> <div><A href="https://www.youtube.com/watch?v=mupu4RDB5Ps&t=4m18s#t=4m18s">Daitō-ryū Aiki-jūjutsu Shōyōkan</A></div> <div><A href="https://www.youtube.com/watch?v=9UfV07KNpxI&t=3m51s#t=3m51s">Hakuhō-ryu Aiki-jūjutsu UK</A></div> <div><A href="https://www.youtube.com/watch?v=cRTye-wq5yI&t=40m06s#t=40m06s">Nihon Daitō-ryū Aikibudō Seishin Kai - Katō Shigemitsu</A></div> 	
nikajo hanza-handachi  suso dori	二ヶ条 半座半立	裾捕	suso dori	hem capture	nikajo hanza-handachi	section two half-sitting half-standing	shomen uchi	<div><A href="http://www.youtube.com/watch?v=u0az6iuLOCo&t=1h11m19s#t=1h11m19s">Kondō Katsuyuki - Daitō-ryū Aiki-jūjutsu</A></div> <div><A href="https://www.youtube.com/watch?v=mupu4RDB5Ps&t=3m44s#t=3m44s">Daitō-ryū Aiki-jūjutsu Shōyōkan</A></div> <div><A href="https://www.youtube.com/watch?v=9UfV07KNpxI&t=3m19s#t=3m19s">Hakuhō-ryu Aiki-jūjutsu UK</A></div> <div><A href="https://www.youtube.com/watch?v=cRTye-wq5yI&t=38m52s#t=38m52s">Nihon Daitō-ryū Aikibudō Seishin Kai - Katō Shigemitsu</A></div> 	
nikajo hanza-handachi  kote gaeshi	二ヶ条 半座半立	小手返	kote gaeshi	forearm flip	nikajo hanza-handachi	section two half-sitting half-standing	sokumen uchi	<div><A href="http://www.youtube.com/watch?v=u0az6iuLOCo&t=1h12m34s#t=1h12m34s">Kondō Katsuyuki - Daitō-ryū Aiki-jūjutsu</A></div> <div><A href="https://www.youtube.com/watch?v=mupu4RDB5Ps&t=3m25s#t=3m25s">Daitō-ryū Aiki-jūjutsu Shōyōkan</A></div> <div><A href="https://www.youtube.com/watch?v=9UfV07KNpxI&t=3m06s#t=3m06s">Hakuhō-ryu Aiki-jūjutsu UK</A></div> <div><A href="https://www.youtube.com/watch?v=cRTye-wq5yI&t=38m18s#t=38m18s">Nihon Daitō-ryū Aikibudō Seishin Kai - Katō Shigemitsu</A></div> 	
nikajo hanza-handachi  hiji kujiki	二ヶ条 半座半立	肘挫	hiji kujiki	elbow bend-back	nikajo hanza-handachi	section two half-sitting half-standing	tachi-eri dori	<div><A href="http://www.youtube.com/watch?v=u0az6iuLOCo&t=1h12m57s#t=1h12m57s">Kondō Katsuyuki - Daitō-ryū Aiki-jūjutsu</A></div> <div><A href="https://www.youtube.com/watch?v=mupu4RDB5Ps&t=4m02s#t=4m02s">Daitō-ryū Aiki-jūjutsu Shōyōkan</A></div> <div><A href="https://www.youtube.com/watch?v=9UfV07KNpxI&t=3m37s#t=3m37s">Hakuhō-ryu Aiki-jūjutsu UK</A></div> <div><A href="https://www.youtube.com/watch?v=cRTye-wq5yI&t=39m27s#t=39m27s">Nihon Daitō-ryū Aikibudō Seishin Kai - Katō Shigemitsu</A></div> 	
nikajo tachi-ai  gyaku dasuki	二ヶ条 立合	逆襷	gyaku dasuki	reverse sash	nikajo tachi-ai	section two both standing	shomen uchi	<div><A href="http://www.youtube.com/watch?v=u0az6iuLOCo&t=1h13m20s#t=1h13m20s">Kondō Katsuyuki - Daitō-ryū Aiki-jūjutsu</A></div> <div><A href="https://www.youtube.com/watch?v=3c4YUnaNdhE&t=0m11s#t=0m11s">Daitō-ryū Aiki-jūjutsu Shōyōkan</A></div> <div><A href="https://www.youtube.com/watch?v=9UfV07KNpxI&t=4m16s#t=4m16s">Hakuhō-ryu Aiki-jūjutsu UK</A></div> <div><A href="https://www.youtube.com/watch?v=cRTye-wq5yI&t=41m08s#t=41m08s">Nihon Daitō-ryū Aikibudō Seishin Kai - Katō Shigemitsu</A></div> <div><A href="https://www.youtube.com/watch?v=O_rBjpCNOp4&t=16m37s#t=16m37s">Nihon Daitō-ryū Aikibudō Seishin Kai - Katō Shigemitsu</A></div> 	
nikajo tachi-ai  hiki otoshi	二ヶ条 立合	引落	hiki otoshi	pull drop	nikajo tachi-ai	section two both standing	yokomen uchi	<div><A href="http://www.youtube.com/watch?v=u0az6iuLOCo&t=1h13m41s#t=1h13m41s">Kondō Katsuyuki - Daitō-ryū Aiki-jūjutsu</A></div> <div><A href="https://www.youtube.com/watch?v=3c4YUnaNdhE&t=0m26s#t=0m26s">Daitō-ryū Aiki-jūjutsu Shōyōkan</A></div> <div><A href="https://www.youtube.com/watch?v=9UfV07KNpxI&t=4m29s#t=4m29s">Hakuhō-ryu Aiki-jūjutsu UK</A></div> <div><A href="https://www.youtube.com/watch?v=cRTye-wq5yI&t=41m47s#t=41m47s">Nihon Daitō-ryū Aikibudō Seishin Kai - Katō Shigemitsu</A></div> <div><A href="https://www.youtube.com/watch?v=O_rBjpCNOp4&t=18m25s#t=18m25s">Nihon Daitō-ryū Aikibudō Seishin Kai - Katō Shigemitsu</A></div> 	
nikajo tachi-ai  kubi nage	二ヶ条 立合	首投	kubi nage	neck throw	nikajo tachi-ai	section two both standing	sode dori	<div><A href="http://www.youtube.com/watch?v=u0az6iuLOCo&t=1h13m55s#t=1h13m55s">Kondō Katsuyuki - Daitō-ryū Aiki-jūjutsu</A></div> <div><A href="https://www.youtube.com/watch?v=3c4YUnaNdhE&t=0m40s#t=0m40s">Daitō-ryū Aiki-jūjutsu Shōyōkan</A></div> <div><A href="https://www.youtube.com/watch?v=9UfV07KNpxI&t=4m43s#t=4m43s">Hakuhō-ryu Aiki-jūjutsu UK</A></div> <div><A href="https://www.youtube.com/watch?v=cRTye-wq5yI&t=42m25s#t=42m25s">Nihon Daitō-ryū Aikibudō Seishin Kai - Katō Shigemitsu</A></div> <div><A href="https://www.youtube.com/watch?v=O_rBjpCNOp4&t=20m49s#t=20m49s">Nihon Daitō-ryū Aikibudō Seishin Kai - Katō Shigemitsu</A></div> 	
nikajo tachi-ai  suso barai	二ヶ条 立合	裾拂 or 裾払	suso barai	hem sweep	nikajo tachi-ai	section two both standing	sode dori	<div><A href="http://www.youtube.com/watch?v=u0az6iuLOCo&t=1h14m06s#t=1h14m06s">Kondō Katsuyuki - Daitō-ryū Aiki-jūjutsu</A></div> <div><A href="https://www.youtube.com/watch?v=3c4YUnaNdhE&t=0m50s#t=0m50s">Daitō-ryū Aiki-jūjutsu Shōyōkan</A></div> <div><A href="https://www.youtube.com/watch?v=9UfV07KNpxI&t=4m55s#t=4m55s">Hakuhō-ryu Aiki-jūjutsu UK</A></div> <div><A href="https://www.youtube.com/watch?v=cRTye-wq5yI&t=43m15s#t=43m15s">Nihon Daitō-ryū Aikibudō Seishin Kai - Katō Shigemitsu</A></div> <div><A href="https://www.youtube.com/watch?v=O_rBjpCNOp4&t=22m06s#t=22m06s">Nihon Daitō-ryū Aikibudō Seishin Kai - Katō Shigemitsu</A></div> 	
nikajo tachi-ai  seoi nage	二ヶ条 立合	背負投	seoi nage	back-carry throw	nikajo tachi-ai	section two both standing	emon jime	<div><A href="http://www.youtube.com/watch?v=u0az6iuLOCo&t=1h14m22s#t=1h14m22s">Kondō Katsuyuki - Daitō-ryū Aiki-jūjutsu</A></div> <div><A href="https://www.youtube.com/watch?v=3c4YUnaNdhE&t=0m59s#t=0m59s">Daitō-ryū Aiki-jūjutsu Shōyōkan</A></div> <div><A href="https://www.youtube.com/watch?v=9UfV07KNpxI&t=5m05s#t=5m05s">Hakuhō-ryu Aiki-jūjutsu UK</A></div> <div><A href="https://www.youtube.com/watch?v=cRTye-wq5yI&t=43m46s#t=43m46s">Nihon Daitō-ryū Aikibudō Seishin Kai - Katō Shigemitsu</A></div> <div><A href="https://www.youtube.com/watch?v=O_rBjpCNOp4&t=23m21s#t=23m21s">Nihon Daitō-ryū Aikibudō Seishin Kai - Katō Shigemitsu</A></div> 	
nikajo tachi-ai  shutou dzume	二ヶ条 立合	手刀詰	shutou dzume	knife-hand jam	nikajo tachi-ai	section two both standing	katate dori	<div><A href="http://www.youtube.com/watch?v=u0az6iuLOCo&t=1h14m40s#t=1h14m40s">Kondō Katsuyuki - Daitō-ryū Aiki-jūjutsu</A></div> <div><A href="https://www.youtube.com/watch?v=3c4YUnaNdhE&t=1m09s#t=1m09s">Daitō-ryū Aiki-jūjutsu Shōyōkan</A></div> <div><A href="https://www.youtube.com/watch?v=9UfV07KNpxI&t=5m16s#t=5m16s">Hakuhō-ryu Aiki-jūjutsu UK</A></div> <div><A href="https://www.youtube.com/watch?v=cRTye-wq5yI&t=44m22s#t=44m22s">Nihon Daitō-ryū Aikibudō Seishin Kai - Katō Shigemitsu</A></div> <div><A href="https://www.youtube.com/watch?v=O_rBjpCNOp4&t=25m23s#t=25m23s">Nihon Daitō-ryū Aikibudō Seishin Kai - Katō Shigemitsu</A></div> 	
nikajo tachi-ai  kote gaeshi	二ヶ条 立合	小手返	kote gaeshi	forearm flip	nikajo tachi-ai	section two both standing	shomen uchi	<div><A href="http://www.youtube.com/watch?v=u0az6iuLOCo&t=1h14m59s#t=1h14m59s">Kondō Katsuyuki - Daitō-ryū Aiki-jūjutsu</A></div> <div><A href="https://www.youtube.com/watch?v=3c4YUnaNdhE&t=1m29s#t=1m29s">Daitō-ryū Aiki-jūjutsu Shōyōkan</A></div> <div><A href="https://www.youtube.com/watch?v=9UfV07KNpxI&t=5m38s#t=5m38s">Hakuhō-ryu Aiki-jūjutsu UK</A></div> <div><A href="https://www.youtube.com/watch?v=cRTye-wq5yI&t=45m00s#t=45m00s">Nihon Daitō-ryū Aikibudō Seishin Kai - Katō Shigemitsu</A></div> <div><A href="https://www.youtube.com/watch?v=O_rBjpCNOp4&t=28m08s#t=28m08s">Nihon Daitō-ryū Aikibudō Seishin Kai - Katō Shigemitsu</A></div> 	
nikajo tachi-ai  kata guruma	二ヶ条 立合	肩車	kata guruma	shoulder wheel	nikajo tachi-ai	section two both standing	shomen uchi	<div><A href="http://www.youtube.com/watch?v=u0az6iuLOCo&t=1h17m21s#t=1h17m21s">Kondō Katsuyuki - Daitō-ryū Aiki-jūjutsu</A></div> <div><A href="https://www.youtube.com/watch?v=3c4YUnaNdhE&t=1m16s#t=1m16s">Daitō-ryū Aiki-jūjutsu Shōyōkan</A></div> <div><A href="https://www.youtube.com/watch?v=9UfV07KNpxI&t=5m23s#t=5m23s">Hakuhō-ryu Aiki-jūjutsu UK</A></div> <div><A href="https://www.youtube.com/watch?v=cRTye-wq5yI&t=45m50s#t=45m50s">Nihon Daitō-ryū Aikibudō Seishin Kai - Katō Shigemitsu</A></div> <div><A href="https://www.youtube.com/watch?v=O_rBjpCNOp4&t=30m45s#t=30m45s">Nihon Daitō-ryū Aikibudō Seishin Kai - Katō Shigemitsu</A></div> 	
nikajo tachi-ai  koshi guruma	二ヶ条 立合	腰車	koshi guruma	lower-back wheel	nikajo tachi-ai	section two both standing	yokomen uchi	<div><A href="http://www.youtube.com/watch?v=u0az6iuLOCo&t=1h17m36s#t=1h17m36s">Kondō Katsuyuki - Daitō-ryū Aiki-jūjutsu</A></div> <div><A href="https://www.youtube.com/watch?v=3c4YUnaNdhE&t=1m41s#t=1m41s">Daitō-ryū Aiki-jūjutsu Shōyōkan</A></div> <div><A href="https://www.youtube.com/watch?v=9UfV07KNpxI&t=5m49s#t=5m49s">Hakuhō-ryu Aiki-jūjutsu UK</A></div> <div><A href="https://www.youtube.com/watch?v=cRTye-wq5yI&t=46m30s#t=46m30s">Nihon Daitō-ryū Aikibudō Seishin Kai - Katō Shigemitsu</A></div> <div><A href="https://www.youtube.com/watch?v=O_rBjpCNOp4&t=32m22s#t=32m22s">Nihon Daitō-ryū Aikibudō Seishin Kai - Katō Shigemitsu</A></div> 	
nikajo tachi-ai  se kujiki	二ヶ条 立合	背挫	se kujiki	back bend-back	nikajo tachi-ai	section two both standing	emon jime	<div><A href="http://www.youtube.com/watch?v=u0az6iuLOCo&t=1h17m48s#t=1h17m48s">Kondō Katsuyuki - Daitō-ryū Aiki-jūjutsu</A></div> <div><A href="https://www.youtube.com/watch?v=3c4YUnaNdhE&t=1m56s#t=1m56s">Daitō-ryū Aiki-jūjutsu Shōyōkan</A></div> <div><A href="https://www.youtube.com/watch?v=9UfV07KNpxI&t=6m00s#t=6m00s">Hakuhō-ryu Aiki-jūjutsu UK</A></div> <div><A href="https://www.youtube.com/watch?v=cRTye-wq5yI&t=47m08s#t=47m08s">Nihon Daitō-ryū Aikibudō Seishin Kai - Katō Shigemitsu</A></div> <div><A href="https://www.youtube.com/watch?v=O_rBjpCNOp4&t=33m22s#t=33m22s">Nihon Daitō-ryū Aikibudō Seishin Kai - Katō Shigemitsu</A></div> 	
nikajo ushiro-dori  tsuki taoshi	二ヶ条 後捕	突倒	tsuki taoshi	thrust topple	nikajo ushiro-dori	section two rear capture	tachi-eri dori	<div><A href="http://www.youtube.com/watch?v=u0az6iuLOCo&t=1h18m05s#t=1h18m05s">Kondō Katsuyuki - Daitō-ryū Aiki-jūjutsu</A></div> <div><A href="https://www.youtube.com/watch?v=mupu4RDB5Ps&t=0m15s#t=0m15s">Daitō-ryū Aiki-jūjutsu Shōyōkan</A></div> <div><A href="https://www.youtube.com/watch?v=mupu4RDB5Ps&t=1m35s#t=1m35s">Daitō-ryū Aiki-jūjutsu Shōyōkan</A></div> <div><A href="https://www.youtube.com/watch?v=9UfV07KNpxI&t=6m36s#t=6m36s">Hakuhō-ryu Aiki-jūjutsu UK</A></div> <div><A href="https://www.youtube.com/watch?v=cRTye-wq5yI&t=48m06s#t=48m06s">Nihon Daitō-ryū Aikibudō Seishin Kai - Katō Shigemitsu</A></div> <div><A href="https://www.youtube.com/watch?v=O_rBjpCNOp4&t=35m20s#t=35m20s">Nihon Daitō-ryū Aikibudō Seishin Kai - Katō Shigemitsu</A></div> 	
nikajo ushiro-dori  sukui nage	二ヶ条 後捕	掬投	sukui nage	scoop throw	nikajo ushiro-dori	section two rear capture	ryohiji dori	<div><A href="http://www.youtube.com/watch?v=u0az6iuLOCo&t=1h18m23s#t=1h18m23s">Kondō Katsuyuki - Daitō-ryū Aiki-jūjutsu</A></div> <div><A href="https://www.youtube.com/watch?v=mupu4RDB5Ps&t=0m27s#t=0m27s">Daitō-ryū Aiki-jūjutsu Shōyōkan</A></div> <div><A href="https://www.youtube.com/watch?v=mupu4RDB5Ps&t=1m50s#t=1m50s">Daitō-ryū Aiki-jūjutsu Shōyōkan</A></div> <div><A href="https://www.youtube.com/watch?v=9UfV07KNpxI&t=7m04s#t=7m04s">Hakuhō-ryu Aiki-jūjutsu UK</A></div> <div><A href="https://www.youtube.com/watch?v=cRTye-wq5yI&t=49m04s#t=49m04s">Nihon Daitō-ryū Aikibudō Seishin Kai - Katō Shigemitsu</A></div> <div><A href="https://www.youtube.com/watch?v=O_rBjpCNOp4&t=36m43s#t=36m43s">Nihon Daitō-ryū Aikibudō Seishin Kai - Katō Shigemitsu</A></div> 	
nikajo ushiro-dori  gyaku gote	二ヶ条 後捕	逆小手	gyaku gote	reverse forearm	nikajo ushiro-dori	section two rear capture	kataha jime	<div><A href="http://www.youtube.com/watch?v=u0az6iuLOCo&t=1h18m37s#t=1h18m37s">Kondō Katsuyuki - Daitō-ryū Aiki-jūjutsu</A></div> <div><A href="https://www.youtube.com/watch?v=mupu4RDB5Ps&t=0m41s#t=0m41s">Daitō-ryū Aiki-jūjutsu Shōyōkan</A></div> <div><A href="https://www.youtube.com/watch?v=mupu4RDB5Ps&t=2m04s#t=2m04s">Daitō-ryū Aiki-jūjutsu Shōyōkan</A></div> <div><A href="https://www.youtube.com/watch?v=9UfV07KNpxI&t=7m38s#t=7m38s">Hakuhō-ryu Aiki-jūjutsu UK</A></div> <div><A href="https://www.youtube.com/watch?v=cRTye-wq5yI&t=49m45s#t=49m45s">Nihon Daitō-ryū Aikibudō Seishin Kai - Katō Shigemitsu</A></div> <div><A href="https://www.youtube.com/watch?v=O_rBjpCNOp4&t=38m02s#t=38m02s">Nihon Daitō-ryū Aikibudō Seishin Kai - Katō Shigemitsu</A></div> 	
nikajo ushiro-dori  kubi nage	二ヶ条 後捕	首投	kubi nage	neck throw	nikajo ushiro-dori	section two rear capture	hagai jime (full nelson)	<div><A href="http://www.youtube.com/watch?v=u0az6iuLOCo&t=1h20m05s#t=1h20m05s">Kondō Katsuyuki - Daitō-ryū Aiki-jūjutsu</A></div> <div><A href="https://www.youtube.com/watch?v=mupu4RDB5Ps&t=0m56s#t=0m56s">Daitō-ryū Aiki-jūjutsu Shōyōkan</A></div> <div><A href="https://www.youtube.com/watch?v=mupu4RDB5Ps&t=2m19s#t=2m19s">Daitō-ryū Aiki-jūjutsu Shōyōkan</A></div> <div><A href="https://www.youtube.com/watch?v=9UfV07KNpxI&t=8m13s#t=8m13s">Hakuhō-ryu Aiki-jūjutsu UK</A></div> <div><A href="https://www.youtube.com/watch?v=cRTye-wq5yI&t=50m41s#t=50m41s">Nihon Daitō-ryū Aikibudō Seishin Kai - Katō Shigemitsu</A></div> <div><A href="https://www.youtube.com/watch?v=O_rBjpCNOp4&t=39m42s#t=39m42s">Nihon Daitō-ryū Aikibudō Seishin Kai - Katō Shigemitsu</A></div> 	
nikajo ushiro-dori  hiji kujiki	二ヶ条 後捕	肘挫	hiji kujiki	elbow bend-back	nikajo ushiro-dori	section two rear capture	ryosode dori	<div><A href="http://www.youtube.com/watch?v=u0az6iuLOCo&t=1h20m19s#t=1h20m19s">Kondō Katsuyuki - Daitō-ryū Aiki-jūjutsu</A></div> <div><A href="https://www.youtube.com/watch?v=mupu4RDB5Ps&t=1m11s#t=1m11s">Daitō-ryū Aiki-jūjutsu Shōyōkan</A></div> <div><A href="https://www.youtube.com/watch?v=mupu4RDB5Ps&t=2m35s#t=2m35s">Daitō-ryū Aiki-jūjutsu Shōyōkan</A></div> <div><A href="https://www.youtube.com/watch?v=9UfV07KNpxI&t=8m42s#t=8m42s">Hakuhō-ryu Aiki-jūjutsu UK</A></div> <div><A href="https://www.youtube.com/watch?v=cRTye-wq5yI&t=51m15s#t=51m15s">Nihon Daitō-ryū Aikibudō Seishin Kai - Katō Shigemitsu</A></div> <div><A href="https://www.youtube.com/watch?v=O_rBjpCNOp4&t=40m48s#t=40m48s">Nihon Daitō-ryū Aikibudō Seishin Kai - Katō Shigemitsu</A></div> 	
sankajo idori  maki dzume	三ヶ条 居捕	巻詰	maki dzume	wind-up jam	sankajo idori	section three sitting capture	shomen uchi	<div><A href="http://www.youtube.com/watch?v=u0az6iuLOCo&t=1h20m35s#t=1h20m35s">Kondō Katsuyuki - Daitō-ryū Aiki-jūjutsu</A></div> <div><A href="https://www.youtube.com/watch?v=QbtIlU8gu1U&t=1m10s#t=1m10s">Daitō-ryū Aiki-jūjutsu Shōyōkan</A></div> <div><A href="https://www.youtube.com/watch?v=huK0s2hOW3I&t=0m51s#t=0m51s">Hakuhō-ryu Aiki-jūjutsu UK</A></div> <div><A href="https://www.youtube.com/watch?v=aGY6ZZ6NHa4&t=13m15s#t=13m15s">Nihon Daitō-ryū Aikibudō Seishin Kai - Katō Shigemitsu</A></div> 	
sankajo idori  karame dzume	三ヶ条 居捕	搦詰	karame dzume	tangle jam	sankajo idori	section three sitting capture	mune dori shomen uchi	<div><A href="http://www.youtube.com/watch?v=u0az6iuLOCo&t=1h21m17s#t=1h21m17s">Kondō Katsuyuki - Daitō-ryū Aiki-jūjutsu</A></div> <div><A href="https://www.youtube.com/watch?v=QbtIlU8gu1U&t=1m44s#t=1m44s">Daitō-ryū Aiki-jūjutsu Shōyōkan</A></div> <div><A href="https://www.youtube.com/watch?v=huK0s2hOW3I&t=1m28s#t=1m28s">Hakuhō-ryu Aiki-jūjutsu UK</A></div> <div><A href="https://www.youtube.com/watch?v=aGY6ZZ6NHa4&t=16m45s#t=16m45s">Nihon Daitō-ryū Aikibudō Seishin Kai - Katō Shigemitsu</A></div> 	
sankajo hanza-handachi  ashi jime	三ヶ条 半座半立	足締	ashi jime	leg clamp	sankajo hanza-handachi	section three half-sitting half-standing	shomen uchi	<div><A href="http://www.youtube.com/watch?v=u0az6iuLOCo&t=1h21m34s#t=1h21m34s">Kondō Katsuyuki - Daitō-ryū Aiki-jūjutsu</A></div> <div><A href="https://www.youtube.com/watch?v=WZbbx0l8LtA&t=4m11s#t=4m11s">Daitō-ryū Aiki-jūjutsu Shōyōkan</A></div> <div><A href="https://www.youtube.com/watch?v=aGY6ZZ6NHa4&t=26m06s#t=26m06s">Nihon Daitō-ryū Aikibudō Seishin Kai - Katō Shigemitsu</A></div> 	
sankajo tachi-ai  ganseki otoshi	三ヶ条 立合	岩石落	ganseki otoshi	rock drop	sankajo tachi-ai	section three both standing	ryote dori	<div><A href="http://www.youtube.com/watch?v=u0az6iuLOCo&t=1h22m00s#t=1h22m00s">Kondō Katsuyuki - Daitō-ryū Aiki-jūjutsu</A></div> <div><A href="https://www.youtube.com/watch?v=-jaFGzn2lL8&t=1m04s#t=1m04s">Daitō-ryū Aiki-jūjutsu Shōyōkan</A></div> <div><A href="https://www.youtube.com/watch?v=aGY6ZZ6NHa4&t=34m22s#t=34m22s">Nihon Daitō-ryū Aikibudō Seishin Kai - Katō Shigemitsu</A></div> 	
sankajo tachi-ai  shichiri biki	三ヶ条 立合	七里引	shichiri biki	seven-league pull (27.5 km)	sankajo tachi-ai	section three both standing	katate dori	<div><A href="http://www.youtube.com/watch?v=u0az6iuLOCo&t=1h22m12s#t=1h22m12s">Kondō Katsuyuki - Daitō-ryū Aiki-jūjutsu</A></div> <div><A href="https://www.youtube.com/watch?v=-jaFGzn2lL8&t=1m43s#t=1m43s">Daitō-ryū Aiki-jūjutsu Shōyōkan</A></div> <div><A href="https://www.youtube.com/watch?v=aGY6ZZ6NHa4&t=37m26s#t=37m26s">Nihon Daitō-ryū Aikibudō Seishin Kai - Katō Shigemitsu</A></div> 	
sankajo ushiro-dori  ude gaeshi	三ヶ条 後捕	腕返	ude gaeshi	arm flip	sankajo ushiro-dori	section three rear capture	ryote dori	<div><A href="http://www.youtube.com/watch?v=u0az6iuLOCo&t=1h22m43s#t=1h22m43s">Kondō Katsuyuki - Daitō-ryū Aiki-jūjutsu</A></div> <div><A href="https://www.youtube.com/watch?v=WZbbx0l8LtA&t=0m31s#t=0m31s">Daitō-ryū Aiki-jūjutsu Shōyōkan</A></div> <div><A href="https://www.youtube.com/watch?v=WZbbx0l8LtA&t=1m51s#t=1m51s">Daitō-ryū Aiki-jūjutsu Shōyōkan</A></div> <div><A href="https://www.youtube.com/watch?v=aGY6ZZ6NHa4&t=43m19s#t=43m19s">Nihon Daitō-ryū Aikibudō Seishin Kai - Katō Shigemitsu</A></div> 	
sankajo idori  tsuri otoshi	三ヶ条 居捕	釣落	tsuri otoshi	fishing drop	sankajo idori	section three sitting capture	shomen uchi	<div><A href="https://www.youtube.com/watch?v=QbtIlU8gu1U&t=0m25s#t=0m25s">Daitō-ryū Aiki-jūjutsu Shōyōkan</A></div> <div><A href="https://www.youtube.com/watch?v=huK0s2hOW3I&t=m08s#t=m08s">Hakuhō-ryu Aiki-jūjutsu UK</A></div> <div><A href="https://www.youtube.com/watch?v=aGY6ZZ6NHa4&t=8m17s#t=8m17s">Nihon Daitō-ryū Aikibudō Seishin Kai - Katō Shigemitsu</A></div> 	
sankajo idori  temakura	三ヶ条 居捕	手枕	temakura	hand pillow	sankajo idori	section three sitting capture	yokomen uchi	<div><A href="https://www.youtube.com/watch?v=QbtIlU8gu1U&t=0m41s#t=0m41s">Daitō-ryū Aiki-jūjutsu Shōyōkan</A></div> <div><A href="https://www.youtube.com/watch?v=huK0s2hOW3I&t=0m24s#t=0m24s">Hakuhō-ryu Aiki-jūjutsu UK</A></div> <div><A href="https://www.youtube.com/watch?v=aGY6ZZ6NHa4&t=10m30s#t=10m30s">Nihon Daitō-ryū Aikibudō Seishin Kai - Katō Shigemitsu</A></div> 	
sankajo idori  soto gote	三ヶ条 居捕	外小手	soto gote	outside forearm	sankajo idori	section three sitting capture	katate mune dori	<div><A href="https://www.youtube.com/watch?v=QbtIlU8gu1U&t=0m56s#t=0m56s">Daitō-ryū Aiki-jūjutsu Shōyōkan</A></div> <div><A href="https://www.youtube.com/watch?v=huK0s2hOW3I&t=0m40s#t=0m40s">Hakuhō-ryu Aiki-jūjutsu UK</A></div> <div><A href="https://www.youtube.com/watch?v=aGY6ZZ6NHa4&t=12m03s#t=12m03s">Nihon Daitō-ryū Aikibudō Seishin Kai - Katō Shigemitsu</A></div> 	
sankajo idori  kobushi gaeshi	三ヶ条 居捕	拳返	kobushi gaeshi	fist flip	sankajo idori	section three sitting capture	tsuki age (upper cut)	<div><A href="https://www.youtube.com/watch?v=QbtIlU8gu1U&t=1m21s#t=1m21s">Daitō-ryū Aiki-jūjutsu Shōyōkan</A></div> <div><A href="https://www.youtube.com/watch?v=huK0s2hOW3I&t=1m04s#t=1m04s">Hakuhō-ryu Aiki-jūjutsu UK</A></div> <div><A href="https://www.youtube.com/watch?v=aGY6ZZ6NHa4&t=14m19s#t=14m19s">Nihon Daitō-ryū Aikibudō Seishin Kai - Katō Shigemitsu</A></div> 	
sankajo idori  kakae kujiki	三ヶ条 居捕	抱挫	kakae kujiki	hug bend-back	sankajo idori	section three sitting capture	tsuki	<div><A href="https://www.youtube.com/watch?v=QbtIlU8gu1U&t=1m32s#t=1m32s">Daitō-ryū Aiki-jūjutsu Shōyōkan</A></div> <div><A href="https://www.youtube.com/watch?v=huK0s2hOW3I&t=1m13s#t=1m13s">Hakuhō-ryu Aiki-jūjutsu UK</A></div> <div><A href="https://www.youtube.com/watch?v=aGY6ZZ6NHa4&t=15m30s#t=15m30s">Nihon Daitō-ryū Aikibudō Seishin Kai - Katō Shigemitsu</A></div> 	
sankajo idori  kiriha	三ヶ条 居捕	切羽	kiriha	cut wing	sankajo idori	section three sitting capture	kakete	<div><A href="https://www.youtube.com/watch?v=QbtIlU8gu1U&t=2m04s#t=2m04s">Daitō-ryū Aiki-jūjutsu Shōyōkan</A></div> <div><A href="https://www.youtube.com/watch?v=huK0s2hOW3I&t=1m46s#t=1m46s">Hakuhō-ryu Aiki-jūjutsu UK</A></div> <div><A href="https://www.youtube.com/watch?v=aGY6ZZ6NHa4&t=18m55s#t=18m55s">Nihon Daitō-ryū Aikibudō Seishin Kai - Katō Shigemitsu</A></div> 	
sankajo idori  uchi ude gaeshi	三ヶ条 居捕	内腕返	uchi ude gaeshi	inside arm flip	sankajo idori	section three sitting capture	ganmen tsuki (face thrust)	<div><A href="https://www.youtube.com/watch?v=QbtIlU8gu1U&t=2m20s#t=2m20s">Daitō-ryū Aiki-jūjutsu Shōyōkan</A></div> <div><A href="https://www.youtube.com/watch?v=huK0s2hOW3I&t=1m57s#t=1m57s">Hakuhō-ryu Aiki-jūjutsu UK</A></div> <div><A href="https://www.youtube.com/watch?v=aGY6ZZ6NHa4&t=19m50s#t=19m50s">Nihon Daitō-ryū Aikibudō Seishin Kai - Katō Shigemitsu</A></div> 	
sankajo idori  gasshou dori	三ヶ条 居捕	合掌捕	gasshou dori	join palms capture	sankajo idori	section three sitting capture	kakete	<div><A href="https://www.youtube.com/watch?v=QbtIlU8gu1U&t=2m37s#t=2m37s">Daitō-ryū Aiki-jūjutsu Shōyōkan</A></div> <div><A href="https://www.youtube.com/watch?v=huK0s2hOW3I&t=2m14s#t=2m14s">Hakuhō-ryu Aiki-jūjutsu UK</A></div> <div><A href="https://www.youtube.com/watch?v=aGY6ZZ6NHa4&t=21m13s#t=21m13s">Nihon Daitō-ryū Aikibudō Seishin Kai - Katō Shigemitsu</A></div> 	
sankajo tachi-ai  tsuri otoshi	三ヶ条 立合	釣落	tsuri otoshi	fishing drop	sankajo tachi-ai	section three both standing	shomen uchi	<div><A href="https://www.youtube.com/watch?v=-jaFGzn2lL8&t=0m13s#t=0m13s">Daitō-ryū Aiki-jūjutsu Shōyōkan</A></div> <div><A href="https://www.youtube.com/watch?v=aGY6ZZ6NHa4&t=28m42s#t=28m42s">Nihon Daitō-ryū Aikibudō Seishin Kai - Katō Shigemitsu</A></div> 	
sankajo tachi-ai  soto gote	三ヶ条 立合	外小手	soto gote	outside forearm	sankajo tachi-ai	section three both standing	katate mune dori	<div><A href="https://www.youtube.com/watch?v=-jaFGzn2lL8&t=0m30s#t=0m30s">Daitō-ryū Aiki-jūjutsu Shōyōkan</A></div> <div><A href="https://www.youtube.com/watch?v=aGY6ZZ6NHa4&t=31m04s#t=31m04s">Nihon Daitō-ryū Aikibudō Seishin Kai - Katō Shigemitsu</A></div> 	
sankajo tachi-ai  maki dzume	三ヶ条 立合	巻詰	maki dzume	wind-up jam	sankajo tachi-ai	section three both standing	shomen uchi	<div><A href="https://www.youtube.com/watch?v=-jaFGzn2lL8&t=0m43s#t=0m43s">Daitō-ryū Aiki-jūjutsu Shōyōkan</A></div> <div><A href="https://www.youtube.com/watch?v=aGY6ZZ6NHa4&t=32m00s#t=32m00s">Nihon Daitō-ryū Aikibudō Seishin Kai - Katō Shigemitsu</A></div> 	
sankajo tachi-ai  waki dzume	三ヶ条 立合	脇詰	waki dzume	side jam	sankajo tachi-ai	section three both standing	katate dori	<div><A href="https://www.youtube.com/watch?v=-jaFGzn2lL8&t=0m52s#t=0m52s">Daitō-ryū Aiki-jūjutsu Shōyōkan</A></div> <div><A href="https://www.youtube.com/watch?v=aGY6ZZ6NHa4&t=32m56s#t=32m56s">Nihon Daitō-ryū Aikibudō Seishin Kai - Katō Shigemitsu</A></div> 	
sankajo tachi-ai  kubi wa	三ヶ条 立合	首輪	kubi wa	neck ring (collar)	sankajo tachi-ai	section three both standing	tsuki	<div><A href="https://www.youtube.com/watch?v=-jaFGzn2lL8&t=1m15s#t=1m15s">Daitō-ryū Aiki-jūjutsu Shōyōkan</A></div> <div><A href="https://www.youtube.com/watch?v=aGY6ZZ6NHa4&t=35m33s#t=35m33s">Nihon Daitō-ryū Aikibudō Seishin Kai - Katō Shigemitsu</A></div> 	
sankajo tachi-ai  uchi ude gaeshi	三ヶ条 立合	内腕返	uchi ude gaeshi	inside arm flip	sankajo tachi-ai	section three both standing	tsuki	<div><A href="https://www.youtube.com/watch?v=-jaFGzn2lL8&t=1m28s#t=1m28s">Daitō-ryū Aiki-jūjutsu Shōyōkan</A></div> <div><A href="https://www.youtube.com/watch?v=aGY6ZZ6NHa4&t=36m36s#t=36m36s">Nihon Daitō-ryū Aikibudō Seishin Kai - Katō Shigemitsu</A></div> 	
sankajo tachi-ai  ippon katsugi	三ヶ条 立合	一本担	ippon katsugi	one arm shoulder carry	sankajo tachi-ai	section three both standing	katate dori	<div><A href="https://www.youtube.com/watch?v=-jaFGzn2lL8&t=1m53s#t=1m53s">Daitō-ryū Aiki-jūjutsu Shōyōkan</A></div> <div><A href="https://www.youtube.com/watch?v=aGY6ZZ6NHa4&t=38m43s#t=38m43s">Nihon Daitō-ryū Aikibudō Seishin Kai - Katō Shigemitsu</A></div> 	
sankajo tachi-ai  shihou nage	三ヶ条 立合	四方投	shihou nage	four directions throw	sankajo tachi-ai	section three both standing	yokomen uchi	<div><A href="https://www.youtube.com/watch?v=-jaFGzn2lL8&t=2m07s#t=2m07s">Daitō-ryū Aiki-jūjutsu Shōyōkan</A></div> <div><A href="https://www.youtube.com/watch?v=aGY6ZZ6NHa4&t=39m56s#t=39m56s">Nihon Daitō-ryū Aikibudō Seishin Kai - Katō Shigemitsu</A></div> 	
sankajo ushiro-dori  maki dzume otoshi	三ヶ条 後捕	巻詰落	maki dzume otoshi	wind-up jam drop	sankajo ushiro-dori	section three rear capture	ryote dori	<div><A href="https://www.youtube.com/watch?v=WZbbx0l8LtA&t=0m13s#t=0m13s">Daitō-ryū Aiki-jūjutsu Shōyōkan</A></div> <div><A href="https://www.youtube.com/watch?v=WZbbx0l8LtA&t=1m32s#t=1m32s">Daitō-ryū Aiki-jūjutsu Shōyōkan</A></div> <div><A href="https://www.youtube.com/watch?v=aGY6ZZ6NHa4&t=42m22s#t=42m22s">Nihon Daitō-ryū Aikibudō Seishin Kai - Katō Shigemitsu</A></div> 	
sankajo ushiro-dori  waki garami	三ヶ条 後捕	脇搦	waki garami	side tangle	sankajo ushiro-dori	section three rear capture	katate tachi-eri dori	<div><A href="https://www.youtube.com/watch?v=WZbbx0l8LtA&t=0m47s#t=0m47s">Daitō-ryū Aiki-jūjutsu Shōyōkan</A></div> <div><A href="https://www.youtube.com/watch?v=WZbbx0l8LtA&t=2m07s#t=2m07s">Daitō-ryū Aiki-jūjutsu Shōyōkan</A></div> <div><A href="https://www.youtube.com/watch?v=aGY6ZZ6NHa4&t=44m17s#t=44m17s">Nihon Daitō-ryū Aikibudō Seishin Kai - Katō Shigemitsu</A></div> 	
sankajo ushiro-dori  kiriha	三ヶ条 後捕	切羽	kiriha	cut wing	sankajo ushiro-dori	section three rear capture	kakaekomi / kakae jime dori	<div><A href="https://www.youtube.com/watch?v=WZbbx0l8LtA&t=1m00s#t=1m00s">Daitō-ryū Aiki-jūjutsu Shōyōkan</A></div> <div><A href="https://www.youtube.com/watch?v=WZbbx0l8LtA&t=2m21s#t=2m21s">Daitō-ryū Aiki-jūjutsu Shōyōkan</A></div> <div><A href="https://www.youtube.com/watch?v=aGY6ZZ6NHa4&t=45m28s#t=45m28s">Nihon Daitō-ryū Aikibudō Seishin Kai - Katō Shigemitsu</A></div> 	
sankajo ushiro-dori  kataude nage	三ヶ条 後捕	片腕投	kataude nage	one arm throw	sankajo ushiro-dori	section three rear capture	morote dori	<div><A href="https://www.youtube.com/watch?v=WZbbx0l8LtA&t=1m13s#t=1m13s">Daitō-ryū Aiki-jūjutsu Shōyōkan</A></div> <div><A href="https://www.youtube.com/watch?v=WZbbx0l8LtA&t=2m36s#t=2m36s">Daitō-ryū Aiki-jūjutsu Shōyōkan</A></div> <div><A href="https://www.youtube.com/watch?v=aGY6ZZ6NHa4&t=46m13s#t=46m13s">Nihon Daitō-ryū Aikibudō Seishin Kai - Katō Shigemitsu</A></div> 	
sankajo hanza-handachi  maki dzume	三ヶ条 半座半立	巻詰	maki dzume	wind-up jam	sankajo hanza-handachi	section three half-sitting half-standing	katate dori (pull)	<div><A href="https://www.youtube.com/watch?v=WZbbx0l8LtA&t=3m10s#t=3m10s">Daitō-ryū Aiki-jūjutsu Shōyōkan</A></div> <div><A href="https://www.youtube.com/watch?v=aGY6ZZ6NHa4&t=22m36s#t=22m36s">Nihon Daitō-ryū Aikibudō Seishin Kai - Katō Shigemitsu</A></div> 	
sankajo hanza-handachi  hiji kujiki	三ヶ条 半座半立	肘挫	hiji kujiki	elbow bend-back	sankajo hanza-handachi	section three half-sitting half-standing	tsuki	<div><A href="https://www.youtube.com/watch?v=WZbbx0l8LtA&t=3m35s#t=3m35s">Daitō-ryū Aiki-jūjutsu Shōyōkan</A></div> <div><A href="https://www.youtube.com/watch?v=aGY6ZZ6NHa4&t=23m57s#t=23m57s">Nihon Daitō-ryū Aikibudō Seishin Kai - Katō Shigemitsu</A></div> 	
sankajo hanza-handachi  kataha gaeshi	三ヶ条 半座半立	片羽返	kataha gaeshi	one wing flip	sankajo hanza-handachi	section three half-sitting half-standing	katahagake (rear shoulder strangle)	<div><A href="https://www.youtube.com/watch?v=WZbbx0l8LtA&t=3m54s#t=3m54s">Daitō-ryū Aiki-jūjutsu Shōyōkan</A></div> <div><A href="https://www.youtube.com/watch?v=aGY6ZZ6NHa4&t=24m45s#t=24m45s">Nihon Daitō-ryū Aikibudō Seishin Kai - Katō Shigemitsu</A></div> 	
sankajo hanza-handachi  waki kujiki	三ヶ条 半座半立	脇挫	waki kujiki	side bend-back	sankajo hanza-handachi	section three half-sitting half-standing	mune dori	<div><A href="https://www.youtube.com/watch?v=WZbbx0l8LtA&t=4m27s#t=4m27s">Daitō-ryū Aiki-jūjutsu Shōyōkan</A></div> <div><A href="https://www.youtube.com/watch?v=aGY6ZZ6NHa4&t=27m30s#t=27m30s">Nihon Daitō-ryū Aikibudō Seishin Kai - Katō Shigemitsu</A></div> 	
yonkajo juugote  ura gote	四ヶ条 十五手	裏小手	ura gote	rear forearm	yonkajo juugote	section four 15 moves	shomen uchi	<div><A href="https://www.youtube.com/watch?v=m0Nc07fkdWg&t=0m00s#t=0m00s">Daitō-ryū Aiki-jūjutsu Shōyōkan</A></div> <div><A href="https://www.youtube.com/watch?v=QbQ2n-C6mDY&t=3m28s#t=3m28s">Nihon Daitō-ryū Aikibudō Seishin Kai - Katō Shigemitsu</A></div> 	
yonkajo juugote  uchi gote	四ヶ条 十五手	内小手	uchi gote	inside forearm	yonkajo juugote	section four 15 moves	yokomen uchi	<div><A href="https://www.youtube.com/watch?v=m0Nc07fkdWg&t=0m19s#t=0m19s">Daitō-ryū Aiki-jūjutsu Shōyōkan</A></div> <div><A href="https://www.youtube.com/watch?v=QbQ2n-C6mDY&t=4m35s#t=4m35s">Nihon Daitō-ryū Aikibudō Seishin Kai - Katō Shigemitsu</A></div> 	
yonkajo juugote  kakae kubi	四ヶ条 十五手	抱首	kakae kubi	hug neck	yonkajo juugote	section four 15 moves	katate dori	<div><A href="https://www.youtube.com/watch?v=m0Nc07fkdWg&t=0m35s#t=0m35s">Daitō-ryū Aiki-jūjutsu Shōyōkan</A></div> <div><A href="https://www.youtube.com/watch?v=QbQ2n-C6mDY&t=5m35s#t=5m35s">Nihon Daitō-ryū Aikibudō Seishin Kai - Katō Shigemitsu</A></div> 	
yonkajo juugote  temakura dzume	四ヶ条 十五手	手枕詰	temakura dzume	hand pillow	yonkajo juugote	section four 15 moves	yokomen uchi	<div><A href="https://www.youtube.com/watch?v=m0Nc07fkdWg&t=0m53s#t=0m53s">Daitō-ryū Aiki-jūjutsu Shōyōkan</A></div> <div><A href="https://www.youtube.com/watch?v=QbQ2n-C6mDY&t=6m44s#t=6m44s">Nihon Daitō-ryū Aikibudō Seishin Kai - Katō Shigemitsu</A></div> 	
yonkajo juugote  waki dori (omote)	四ヶ条 十五手	脇捕（表）	waki dori (omote)	side capture (front)	yonkajo juugote	section four 15 moves	shomen uchi	<div><A href="https://www.youtube.com/watch?v=m0Nc07fkdWg&t=1m10s#t=1m10s">Daitō-ryū Aiki-jūjutsu Shōyōkan</A></div> <div><A href="https://www.youtube.com/watch?v=QbQ2n-C6mDY&t=7m35s#t=7m35s">Nihon Daitō-ryū Aikibudō Seishin Kai - Katō Shigemitsu</A></div> 	
yonkajo juugote  waki dori (ura)	四ヶ条 十五手	脇捕（裏）	waki dori (ura)	side capture (rear)	yonkajo juugote	section four 15 moves	yokomen uchi	<div><A href="https://www.youtube.com/watch?v=m0Nc07fkdWg&t=1m32s#t=1m32s">Daitō-ryū Aiki-jūjutsu Shōyōkan</A></div> <div><A href="https://www.youtube.com/watch?v=QbQ2n-C6mDY&t=8m16s#t=8m16s">Nihon Daitō-ryū Aikibudō Seishin Kai - Katō Shigemitsu</A></div> 	
yonkajo juugote  ire chigai	四ヶ条 十五手	入違	ire chigai	pass each other	yonkajo juugote	section four 15 moves	koshi obi dori	<div><A href="https://www.youtube.com/watch?v=m0Nc07fkdWg&t=1m52s#t=1m52s">Daitō-ryū Aiki-jūjutsu Shōyōkan</A></div> <div><A href="https://www.youtube.com/watch?v=QbQ2n-C6mDY&t=8m58s#t=8m58s">Nihon Daitō-ryū Aikibudō Seishin Kai - Katō Shigemitsu</A></div> 	
yonkajo juugote  ura otoshi	四ヶ条 十五手	裏落	ura otoshi	rear drop	yonkajo juugote	section four 15 moves	katate dori	<div><A href="https://www.youtube.com/watch?v=m0Nc07fkdWg&t=2m12s#t=2m12s">Daitō-ryū Aiki-jūjutsu Shōyōkan</A></div> <div><A href="https://www.youtube.com/watch?v=QbQ2n-C6mDY&t=11m11s#t=11m11s">Nihon Daitō-ryū Aikibudō Seishin Kai - Katō Shigemitsu</A></div> 	
yonkajo juugote  senryu	四ヶ条 十五手	潜竜	senryu	submerged dragon	yonkajo juugote	section four 15 moves	katate dori	<div><A href="https://www.youtube.com/watch?v=m0Nc07fkdWg&t=2m29s#t=2m29s">Daitō-ryū Aiki-jūjutsu Shōyōkan</A></div> <div><A href="https://www.youtube.com/watch?v=QbQ2n-C6mDY&t=12m11s#t=12m11s">Nihon Daitō-ryū Aikibudō Seishin Kai - Katō Shigemitsu</A></div> 	
yonkajo juugote  izori	四ヶ条 十五手	居反	izori	sitting throw back	yonkajo juugote	section four 15 moves	ryote dori	<div><A href="https://www.youtube.com/watch?v=m0Nc07fkdWg&t=2m51s#t=2m51s">Daitō-ryū Aiki-jūjutsu Shōyōkan</A></div> <div><A href="https://www.youtube.com/watch?v=QbQ2n-C6mDY&t=10m33s#t=10m33s">Nihon Daitō-ryū Aikibudō Seishin Kai - Katō Shigemitsu</A></div> 	
yonkajo juugote  tatsumaki	四ヶ条 十五手	竜巻	tatsumaki	tornado	yonkajo juugote	section four 15 moves	ryote dori	<div><A href="https://www.youtube.com/watch?v=m0Nc07fkdWg&t=3m19s#t=3m19s">Daitō-ryū Aiki-jūjutsu Shōyōkan</A></div> <div><A href="https://www.youtube.com/watch?v=QbQ2n-C6mDY&t=9m34s#t=9m34s">Nihon Daitō-ryū Aikibudō Seishin Kai - Katō Shigemitsu</A></div> 	
yonkajo juugote  waki dzume otoshi	四ヶ条 十五手	脇詰落	waki dzume otoshi	side jam drop	yonkajo juugote	section four 15 moves	katate dori	<div><A href="https://www.youtube.com/watch?v=m0Nc07fkdWg&t=3m51s#t=3m51s">Daitō-ryū Aiki-jūjutsu Shōyōkan</A></div> <div><A href="https://www.youtube.com/watch?v=QbQ2n-C6mDY&t=13m08s#t=13m08s">Nihon Daitō-ryū Aikibudō Seishin Kai - Katō Shigemitsu</A></div> 	
yonkajo juugote  gyaku gasshou (omote)	四ヶ条 十五手	逆合掌（表）	gyaku gasshou (omote)	reverse join palms (front)	yonkajo juugote	section four 15 moves	ryote dori	<div><A href="https://www.youtube.com/watch?v=m0Nc07fkdWg&t=4m15s#t=4m15s">Daitō-ryū Aiki-jūjutsu Shōyōkan</A></div> 	
yonkajo juugote  gyaku gasshou (ura)	四ヶ条 十五手	逆合掌（裏）	gyaku gasshou (ura)	reverse join palms (rear)	yonkajo juugote	section four 15 moves	ryote dori	<div><A href="https://www.youtube.com/watch?v=m0Nc07fkdWg&t=4m42s#t=4m42s">Daitō-ryū Aiki-jūjutsu Shōyōkan</A></div> 	
yonkajo juugote  kasumi nage	四ヶ条 十五手	霞投	kasumi nage	mist throw	yonkajo juugote	section four 15 moves	yokomen uchi	<div><A href="https://www.youtube.com/watch?v=m0Nc07fkdWg&t=5m00s#t=5m00s">Daitō-ryū Aiki-jūjutsu Shōyōkan</A></div> <div><A href="https://www.youtube.com/watch?v=QbQ2n-C6mDY&t=13m50s#t=13m50s">Nihon Daitō-ryū Aikibudō Seishin Kai - Katō Shigemitsu</A></div> 	
yonkajo juugote  hadaka jime	四ヶ条 十五手	裸締	hadaka jime	naked clamp	yonkajo juugote	section four 15 moves	tsuki	<div><A href="https://www.youtube.com/watch?v=m0Nc07fkdWg&t=5m20s#t=5m20s">Daitō-ryū Aiki-jūjutsu Shōyōkan</A></div> <div><A href="https://www.youtube.com/watch?v=QbQ2n-C6mDY&t=14m41s#t=14m41s">Nihon Daitō-ryū Aikibudō Seishin Kai - Katō Shigemitsu</A></div> 	
yonkajo juugote  daruma gaeshi	四ヶ条 十五手	達磨返	daruma gaeshi	dharma flip	yonkajo juugote	section four 15 moves	ryokata dori	<div><A href="https://www.youtube.com/watch?v=m0Nc07fkdWg&t=5m41s#t=5m41s">Daitō-ryū Aiki-jūjutsu Shōyōkan</A></div> <div><A href="https://www.youtube.com/watch?v=QbQ2n-C6mDY&t=15m24s#t=15m24s">Nihon Daitō-ryū Aikibudō Seishin Kai - Katō Shigemitsu</A></div> 	
aiki-no-jutsu ryote dori  ushiro date	合気之術 両手取	後伊	ushiro date	rear under-belt	aiki-no-jutsu ryote dori	the science of joining spirit both hands take		<div><A href="https://www.youtube.com/watch?v=89ISDCUudO4&t=0m03s#t=0m03s">Hakuhō-ryu Aiki-jūjutsu UK</A></div> 	
aiki-no-jutsu ryote dori  yu gao	合気之術 両手取	弓顔	yu gao	bow face	aiki-no-jutsu ryote dori	the science of joining spirit both hands take		<div><A href="https://www.youtube.com/watch?v=89ISDCUudO4&t=0m26s#t=0m26s">Hakuhō-ryu Aiki-jūjutsu UK</A></div> 	
aiki-no-jutsu ryote dori  tenchi no wakare	合気之術 両手取	天地の別れ	tenchi no wakare	separate heaven and earth	aiki-no-jutsu ryote dori	the science of joining spirit both hands take		<div><A href="https://www.youtube.com/watch?v=89ISDCUudO4&t=0m44s#t=0m44s">Hakuhō-ryu Aiki-jūjutsu UK</A></div> 	
aiki-no-jutsu ryote dori  kagi gatame	合気之術 両手取	鉤固	kagi gatame	hook pin	aiki-no-jutsu ryote dori	the science of joining spirit both hands take		<div><A href="https://www.youtube.com/watch?v=89ISDCUudO4&t=0m57s#t=0m57s">Hakuhō-ryu Aiki-jūjutsu UK</A></div> 	
aiki-no-jutsu ryote dori  nadare	合気之術 両手取	雪崩	nadare	avalanche	aiki-no-jutsu ryote dori	the science of joining spirit both hands take		<div><A href="https://www.youtube.com/watch?v=89ISDCUudO4&t=1m19s#t=1m19s">Hakuhō-ryu Aiki-jūjutsu UK</A></div> 	
aiki-no-jutsu ryote dori  uki modoshi	合気之術 両手取	浮受戻し	uki modoshi	float return	aiki-no-jutsu ryote dori	the science of joining spirit both hands take		<div><A href="https://www.youtube.com/watch?v=89ISDCUudO4&t=1m30s#t=1m30s">Hakuhō-ryu Aiki-jūjutsu UK</A></div> 	
aiki-no-jutsu ryote dori  saza nami	合気之術 両手取	細波	saza nami	ripple	aiki-no-jutsu ryote dori	the science of joining spirit both hands take		<div><A href="https://www.youtube.com/watch?v=89ISDCUudO4&t=1m45s#t=1m45s">Hakuhō-ryu Aiki-jūjutsu UK</A></div> 	
aiki-no-jutsu ryote dori  yobi modoshi	合気之術 両手取	呼び戻し	yobi modoshi	call return	aiki-no-jutsu ryote dori	the science of joining spirit both hands take		<div><A href="https://www.youtube.com/watch?v=89ISDCUudO4&t=2m02s#t=2m02s">Hakuhō-ryu Aiki-jūjutsu UK</A></div> 	
aiki-no-jutsu ryote dori  hi sho	合気之術 両手取	火暑	hi sho	fire heat (?)	aiki-no-jutsu ryote dori	the science of joining spirit both hands take		<div><A href="https://www.youtube.com/watch?v=89ISDCUudO4&t=2m14s#t=2m14s">Hakuhō-ryu Aiki-jūjutsu UK</A></div> 	
aiki-no-jutsu ryote dori  kata otoshi	合気之術 両手取	肩落	kata otoshi	shoulder drop	aiki-no-jutsu ryote dori	the science of joining spirit both hands take		<div><A href="https://www.youtube.com/watch?v=89ISDCUudO4&t=2m30s#t=2m30s">Hakuhō-ryu Aiki-jūjutsu UK</A></div> 	
aiki-no-jutsu ryote dori  kesa giri	合気之術 両手取	袈裟切	kesa giri	scarf cut	aiki-no-jutsu ryote dori	the science of joining spirit both hands take		<div><A href="https://www.youtube.com/watch?v=89ISDCUudO4&t=2m45s#t=2m45s">Hakuhō-ryu Aiki-jūjutsu UK</A></div> 	
aiki-no-jutsu ryote dori  orimi	合気之術 両手取	折り身	orimi	fold body	aiki-no-jutsu ryote dori	the science of joining spirit both hands take		<div><A href="https://www.youtube.com/watch?v=89ISDCUudO4&t=3m02s#t=3m02s">Hakuhō-ryu Aiki-jūjutsu UK</A></div> 	
aiki-no-jutsu ryote dori  tachi zori	合気之術 両手取	立反	tachi zori	standing throw back	aiki-no-jutsu ryote dori	the science of joining spirit both hands take		<div><A href="https://www.youtube.com/watch?v=89ISDCUudO4&t=3m12s#t=3m12s">Hakuhō-ryu Aiki-jūjutsu UK</A></div> 	
aiki-no-jutsu ryote dori  furiko otoshi	合気之術 両手取	振り子落	furiko otoshi	pendulum drop	aiki-no-jutsu ryote dori	the science of joining spirit both hands take		<div><A href="https://www.youtube.com/watch?v=89ISDCUudO4&t=3m26s#t=3m26s">Hakuhō-ryu Aiki-jūjutsu UK</A></div> 	
aiki-no-jutsu ryote dori  nukite otoshi	合気之術 両手取	抜手落	nukite otoshi	pull out hand drop	aiki-no-jutsu ryote dori	the science of joining spirit both hands take		<div><A href="https://www.youtube.com/watch?v=89ISDCUudO4&t=3m41s#t=3m41s">Hakuhō-ryu Aiki-jūjutsu UK</A></div> 	
aiki-no-jutsu ryote dori  katate otoshi	合気之術 両手取	片手落	katate otoshi	one hand drop	aiki-no-jutsu ryote dori	the science of joining spirit both hands take		<div><A href="https://www.youtube.com/watch?v=89ISDCUudO4&t=3m56s#t=3m56s">Hakuhō-ryu Aiki-jūjutsu UK</A></div> 	
aiki-no-jutsu ryote dori  ryo ichimonji	合気之術 両手取	両一文字	ryo ichimonji	both straight line	aiki-no-jutsu ryote dori	the science of joining spirit both hands take		<div><A href="https://www.youtube.com/watch?v=89ISDCUudO4&t=4m08s#t=4m08s">Hakuhō-ryu Aiki-jūjutsu UK</A></div> 	
aiki-no-jutsu ryote dori  aya guruma	合気之術 両手取	綾車	aya guruma	diagonal wheel	aiki-no-jutsu ryote dori	the science of joining spirit both hands take		<div><A href="https://www.youtube.com/watch?v=89ISDCUudO4&t=4m22s#t=4m22s">Hakuhō-ryu Aiki-jūjutsu UK</A></div> 	
aiki-no-jutsu ryote dori  yuragi otoshi	合気之術 両手取	揺らぎ落	yuragi otoshi	tremor drop	aiki-no-jutsu ryote dori	the science of joining spirit both hands take		<div><A href="https://www.youtube.com/watch?v=89ISDCUudO4&t=4m42s#t=4m42s">Hakuhō-ryu Aiki-jūjutsu UK</A></div> 	
aiki-no-jutsu ryote dori  koshi no hiraku	合気之術 両手取	腰の開く	koshi no hiraku	lower-back open	aiki-no-jutsu ryote dori	the science of joining spirit both hands take		<div><A href="https://www.youtube.com/watch?v=89ISDCUudO4&t=4m55s#t=4m55s">Hakuhō-ryu Aiki-jūjutsu UK</A></div> 	
gokajo rokute  makikomi kujiki	五ヶ条 六手	巻込挫	makikomi kujiki	wind-up into bend-back	gokajo rokute	section five 6 moves	tsuki	<div><A href="https://www.youtube.com/watch?v=QbQ2n-C6mDY&t=17m34s#t=17m34s">Nihon Daitō-ryū Aikibudō Seishin Kai - Katō Shigemitsu</A></div> 	
gokajo rokute  koban gaeshi	五ヶ条 六手	小判返	koban gaeshi	oval flip	gokajo rokute	section five 6 moves	kakete (block strike)	<div><A href="https://www.youtube.com/watch?v=QbQ2n-C6mDY&t=18m42s#t=18m42s">Nihon Daitō-ryū Aikibudō Seishin Kai - Katō Shigemitsu</A></div> 	
gokajo rokute  kannuki dzume	五ヶ条 六手	閂詰	kannuki dzume	bolt jam	gokajo rokute	section five 6 moves	ryote dori	<div><A href="https://www.youtube.com/watch?v=QbQ2n-C6mDY&t=20m16s#t=20m16s">Nihon Daitō-ryū Aikibudō Seishin Kai - Katō Shigemitsu</A></div> 	
gokajo rokute  enma	五ヶ条 六手	閻魔	enma	lord of Hades	gokajo rokute	section five 6 moves	tsuki	<div><A href="https://www.youtube.com/watch?v=QbQ2n-C6mDY&t=21m54s#t=21m54s">Nihon Daitō-ryū Aikibudō Seishin Kai - Katō Shigemitsu</A></div> 	
gokajo rokute  shumoku	五ヶ条 六手	橦木	shumoku	bell hammer (wooden)	gokajo rokute	section five 6 moves	yokomen uchi	<div><A href="https://www.youtube.com/watch?v=QbQ2n-C6mDY&t=23m09s#t=23m09s">Nihon Daitō-ryū Aikibudō Seishin Kai - Katō Shigemitsu</A></div> 	
gokajo rokute  taki otoshi	五ヶ条 六手	滝落	taki otoshi	waterfall drop	gokajo rokute	section five 6 moves	kakete (block strike)	<div><A href="https://www.youtube.com/watch?v=QbQ2n-C6mDY&t=24m33s#t=24m33s">Nihon Daitō-ryū Aikibudō Seishin Kai - Katō Shigemitsu</A></div> 	
gokajo emonodori bou dori  ippon me	五ヶ条 得物捕 棒捕	一本目	ippon me	1st	gokajo emonodori bou dori	section five weapons capture staff capture	shomen uchi	<div><A href="https://www.youtube.com/watch?v=QbQ2n-C6mDY&t=27m45s#t=27m45s">Nihon Daitō-ryū Aikibudō Seishin Kai - Katō Shigemitsu</A></div> 	
gokajo emonodori bou dori  nihon me	五ヶ条 得物捕 棒捕	二本目	nihon me	2nd	gokajo emonodori bou dori	section five weapons capture staff capture	shomen uchi	<div><A href="https://www.youtube.com/watch?v=QbQ2n-C6mDY&t=28m06s#t=28m06s">Nihon Daitō-ryū Aikibudō Seishin Kai - Katō Shigemitsu</A></div> 	
gokajo emonodori bou dori  sanbon me	五ヶ条 得物捕 棒捕	三本目	sanbon me	3rd	gokajo emonodori bou dori	section five weapons capture staff capture	tsuki, sokumen uchi	<div><A href="https://www.youtube.com/watch?v=QbQ2n-C6mDY&t=28m24s#t=28m24s">Nihon Daitō-ryū Aikibudō Seishin Kai - Katō Shigemitsu</A></div> 	
gokajo emonodori jutte dori  ippon me	五ヶ条 得物捕 十手捕	一本目	ippon me	1st	gokajo emonodori jutte dori	section five weapons capture jutte capture		<div><A href="https://www.youtube.com/watch?v=QbQ2n-C6mDY&t=30m42s#t=30m42s">Nihon Daitō-ryū Aikibudō Seishin Kai - Katō Shigemitsu</A></div> 	
gokajo emonodori jutte dori  nihon me	五ヶ条 得物捕 十手捕	二本目	nihon me	2nd	gokajo emonodori jutte dori	section five weapons capture jutte capture	shomen uchi	<div><A href="https://www.youtube.com/watch?v=QbQ2n-C6mDY&t=31m13s#t=31m13s">Nihon Daitō-ryū Aikibudō Seishin Kai - Katō Shigemitsu</A></div> 	
gokajo emonodori jutte dori  sanbon me	五ヶ条 得物捕 十手捕	三本目	sanbon me	3rd	gokajo emonodori jutte dori	section five weapons capture jutte capture	shomen uchi	<div><A href="https://www.youtube.com/watch?v=QbQ2n-C6mDY&t=31m52s#t=31m52s">Nihon Daitō-ryū Aikibudō Seishin Kai - Katō Shigemitsu</A></div> 	
gokajo emonodori tantou dori  ippon me	五ヶ条 得物捕 短剣捕	一本目	ippon me	1st	gokajo emonodori tantou dori	section five weapons capture knife capture	shomen uchi	<div><A href="https://www.youtube.com/watch?v=QbQ2n-C6mDY&t=33m53s#t=33m53s">Nihon Daitō-ryū Aikibudō Seishin Kai - Katō Shigemitsu</A></div> 	
gokajo emonodori tantou dori  nihon me	五ヶ条 得物捕 短剣捕	二本目	nihon me	2nd	gokajo emonodori tantou dori	section five weapons capture knife capture	yokomen uchi	<div><A href="https://www.youtube.com/watch?v=QbQ2n-C6mDY&t=34m17s#t=34m17s">Nihon Daitō-ryū Aikibudō Seishin Kai - Katō Shigemitsu</A></div> 	
gokajo emonodori tantou dori  sanbon me	五ヶ条 得物捕 短剣捕	三本目	sanbon me	3rd	gokajo emonodori tantou dori	section five weapons capture knife capture	gyaku yokomen uchi	<div><A href="https://www.youtube.com/watch?v=QbQ2n-C6mDY&t=34m33s#t=34m33s">Nihon Daitō-ryū Aikibudō Seishin Kai - Katō Shigemitsu</A></div> 	
gokajo emonodori tachi dori  ippon me	五ヶ条 得物捕 太刀捕	一本目	ippon me	1st	gokajo emonodori tachi dori	section five weapons capture sword capture	shomen uchi	<div><A href="https://www.youtube.com/watch?v=QbQ2n-C6mDY&t=36m33s#t=36m33s">Nihon Daitō-ryū Aikibudō Seishin Kai - Katō Shigemitsu</A></div> 	
gokajo emonodori tachi dori  nihon me	五ヶ条 得物捕 太刀捕	二本目	nihon me	2nd	gokajo emonodori tachi dori	section five weapons capture sword capture		<div><A href="https://www.youtube.com/watch?v=QbQ2n-C6mDY&t=37m04s#t=37m04s">Nihon Daitō-ryū Aikibudō Seishin Kai - Katō Shigemitsu</A></div> 	
gokajo emonodori tachi dori  sanbon me	五ヶ条 得物捕 太刀捕	三本目	sanbon me	3rd	gokajo emonodori tachi dori	section five weapons capture sword capture	shomen uchi	<div><A href="https://www.youtube.com/watch?v=QbQ2n-C6mDY&t=37m33s#t=37m33s">Nihon Daitō-ryū Aikibudō Seishin Kai - Katō Shigemitsu</A></div> 	
gokajo emonodori kasa dori  ippon me	五ヶ条 得物捕 傘捕	一本目	ippon me	1st	gokajo emonodori kasa dori	section five weapons capture umbrella capture	kakete	<div><A href="https://www.youtube.com/watch?v=QbQ2n-C6mDY&t=38m02s#t=38m02s">Nihon Daitō-ryū Aikibudō Seishin Kai - Katō Shigemitsu</A></div> 	
gokajo emonodori kasa dori  nihon me	五ヶ条 得物捕 傘捕	二本目	nihon me	2nd	gokajo emonodori kasa dori	section five weapons capture umbrella capture	kakete	<div><A href="https://www.youtube.com/watch?v=QbQ2n-C6mDY&t=38m30s#t=38m30s">Nihon Daitō-ryū Aikibudō Seishin Kai - Katō Shigemitsu</A></div> 	
gokajo emonodori kasa dori  sanbon me	五ヶ条 得物捕 傘捕	三本目	sanbon me	3rd	gokajo emonodori kasa dori	section five weapons capture umbrella capture	shime	<div><A href="https://www.youtube.com/watch?v=QbQ2n-C6mDY&t=38m59s#t=38m59s">Nihon Daitō-ryū Aikibudō Seishin Kai - Katō Shigemitsu</A></div> 	
gokajo emonodori kasa dori  yonhon me	五ヶ条 得物捕 傘捕	四本目	yonhon me	4th	gokajo emonodori kasa dori	section five weapons capture umbrella capture	shime	<div><A href="https://www.youtube.com/watch?v=QbQ2n-C6mDY&t=39m32s#t=39m32s">Nihon Daitō-ryū Aikibudō Seishin Kai - Katō Shigemitsu</A></div> 	
gokajo emonodori kasa dori  gohon me	五ヶ条 得物捕 傘捕	五本目	gohon me	5th	gokajo emonodori kasa dori	section five weapons capture umbrella capture	tsuki	<div><A href="https://www.youtube.com/watch?v=QbQ2n-C6mDY&t=40m06s#t=40m06s">Nihon Daitō-ryū Aikibudō Seishin Kai - Katō Shigemitsu</A></div> 	
gokajo taninzuudori  ippon me	五ヶ条 多人数捕	一本目	ippon me	1st	gokajo taninzuudori	section five large number of people capture	shime	<div><A href="https://www.youtube.com/watch?v=QbQ2n-C6mDY&t=42m39s#t=42m39s">Nihon Daitō-ryū Aikibudō Seishin Kai - Katō Shigemitsu</A></div> 	
gokajo taninzuudori  nihon me	五ヶ条 多人数捕	二本目	nihon me	2nd	gokajo taninzuudori	section five large number of people capture	ryote dori	<div><A href="https://www.youtube.com/watch?v=QbQ2n-C6mDY&t=42m52s#t=42m52s">Nihon Daitō-ryū Aikibudō Seishin Kai - Katō Shigemitsu</A></div> 	
gokajo taninzuudori  sanbon me	五ヶ条 多人数捕	三本目	sanbon me	3rd	gokajo taninzuudori	section five large number of people capture	ryote dori	<div><A href="https://www.youtube.com/watch?v=QbQ2n-C6mDY&t=43m01s#t=43m01s">Nihon Daitō-ryū Aikibudō Seishin Kai - Katō Shigemitsu</A></div> 	
gokajo taninzuudori  yonhon me	五ヶ条 多人数捕	四本目	yonhon me	4th	gokajo taninzuudori	section five large number of people capture	futari dori	<div><A href="https://www.youtube.com/watch?v=QbQ2n-C6mDY&t=43m30s#t=43m30s">Nihon Daitō-ryū Aikibudō Seishin Kai - Katō Shigemitsu</A></div> 	
gokajo taninzuudori  gohon me	五ヶ条 多人数捕	五本目	gohon me	5th	gokajo taninzuudori	section five large number of people capture	sannin dori	<div><A href="https://www.youtube.com/watch?v=QbQ2n-C6mDY&t=43m56s#t=43m56s">Nihon Daitō-ryū Aikibudō Seishin Kai - Katō Shigemitsu</A></div> 	
